file,blockType,key,legacySection,missingField,legacyId,legacySymbol,keyField,reason,source
data/defs/ui/packages/legacy_imgui/game/buttonlayout1024.fit,GuiButton,game.buttonlayout1024.button.short_range_attack_defunct,Button1,helpDescMissing,300030,,,,
data/defs/ui/packages/legacy_imgui/game/buttonlayout1280.fit,GuiButton,game.buttonlayout1280.button.short_range_attack_defunct,Button1,helpDescMissing,300030,,,,
data/defs/ui/packages/legacy_imgui/game/buttonlayout1600.fit,GuiButton,game.buttonlayout1600.button.short_range_attack_defunct,Button1,helpDescMissing,300030,,,,
data/defs/ui/packages/legacy_imgui/game/mcl_choosecampaign.fit,GuiButton,game.choose_campaign.button.cancel_button,Button0,helpCaptionMissing,0,IDS_undefined_string_sebi,legacy.strings.ids_undefined_string_sebi,symbol_only_from_strings_res_h,strings.res.h
data/defs/ui/packages/legacy_imgui/game/mcl_choosecampaign.fit,GuiButton,game.choose_campaign.button.accept_button,Button1,helpCaptionMissing,0,IDS_undefined_string_sebi,legacy.strings.ids_undefined_string_sebi,symbol_only_from_strings_res_h,strings.res.h
data/defs/ui/packages/legacy_imgui/game/mcl_cm_layout.fit,GuiButton,game.mission_selection.button.next_button_in_lower_right_corner,CMButton0,helpCaptionMissing,0,IDS_undefined_string_sebi,legacy.strings.ids_undefined_string_sebi,symbol_only_from_strings_res_h,strings.res.h
data/defs/ui/packages/legacy_imgui/game/mcl_cm_layout.fit,GuiText,game.mission_selection.text.help_text_area,CMTextEntry3,textMissing,0,IDS_undefined_string_sebi,legacy.strings.ids_undefined_string_sebi,symbol_only_from_strings_res_h,strings.res.h
data/defs/ui/packages/legacy_imgui/game/mcl_cm_layout.fit,GuiText,game.mission_selection.text.cbills_readout,CMTextEntry4,textMissing,0,IDS_undefined_string_sebi,legacy.strings.ids_undefined_string_sebi,symbol_only_from_strings_res_h,strings.res.h
data/defs/ui/packages/legacy_imgui/game/mcl_cm_op1_1.fit,GuiButton,game.mcl_cm_op1_1.button.mission_1,Button0,helpCaptionMissing,0,IDS_undefined_string_sebi,legacy.strings.ids_undefined_string_sebi,symbol_only_from_strings_res_h,strings.res.h
data/defs/ui/packages/legacy_imgui/game/mcl_cm_op1_1.fit,GuiButton,game.mcl_cm_op1_1.button.mission_1,Button0,helpDescMissing,0,IDS_undefined_string_sebi,legacy.strings.ids_undefined_string_sebi,symbol_only_from_strings_res_h,strings.res.h
data/defs/ui/packages/legacy_imgui/game/mcl_cm_op1_2.fit,GuiButton,game.mcl_cm_op1_2.button.mission_2,Button0,helpCaptionMissing,0,IDS_undefined_string_sebi,legacy.strings.ids_undefined_string_sebi,symbol_only_from_strings_res_h,strings.res.h
data/defs/ui/packages/legacy_imgui/game/mcl_cm_op1_2.fit,GuiButton,game.mcl_cm_op1_2.button.mission_2,Button0,helpDescMissing,0,IDS_undefined_string_sebi,legacy.strings.ids_undefined_string_sebi,symbol_only_from_strings_res_h,strings.res.h
data/defs/ui/packages/legacy_imgui/game/mcl_cm_op1_3.fit,GuiButton,game.mcl_cm_op1_3.button.mission_3,Button0,helpCaptionMissing,0,IDS_undefined_string_sebi,legacy.strings.ids_undefined_string_sebi,symbol_only_from_strings_res_h,strings.res.h
data/defs/ui/packages/legacy_imgui/game/mcl_cm_op1_3.fit,GuiButton,game.mcl_cm_op1_3.button.mission_3,Button0,helpDescMissing,0,IDS_undefined_string_sebi,legacy.strings.ids_undefined_string_sebi,symbol_only_from_strings_res_h,strings.res.h
data/defs/ui/packages/legacy_imgui/game/mcl_cm_op1_4.fit,GuiButton,game.mcl_cm_op1_4.button.mission_4,Button0,helpCaptionMissing,0,IDS_undefined_string_sebi,legacy.strings.ids_undefined_string_sebi,symbol_only_from_strings_res_h,strings.res.h
data/defs/ui/packages/legacy_imgui/game/mcl_cm_op1_4.fit,GuiButton,game.mcl_cm_op1_4.button.mission_4,Button0,helpDescMissing,0,IDS_undefined_string_sebi,legacy.strings.ids_undefined_string_sebi,symbol_only_from_strings_res_h,strings.res.h
data/defs/ui/packages/legacy_imgui/game/mcl_cm_op1_5.fit,GuiButton,game.mcl_cm_op1_5.button.mission_5,Button0,helpCaptionMissing,0,IDS_undefined_string_sebi,legacy.strings.ids_undefined_string_sebi,symbol_only_from_strings_res_h,strings.res.h
data/defs/ui/packages/legacy_imgui/game/mcl_cm_op1_5.fit,GuiButton,game.mcl_cm_op1_5.button.mission_5,Button0,helpDescMissing,0,IDS_undefined_string_sebi,legacy.strings.ids_undefined_string_sebi,symbol_only_from_strings_res_h,strings.res.h
data/defs/ui/packages/legacy_imgui/game/mcl_cm_op1_6.fit,GuiButton,game.mcl_cm_op1_6.button.mission_6,Button0,helpCaptionMissing,0,IDS_undefined_string_sebi,legacy.strings.ids_undefined_string_sebi,symbol_only_from_strings_res_h,strings.res.h
data/defs/ui/packages/legacy_imgui/game/mcl_cm_op1_6.fit,GuiButton,game.mcl_cm_op1_6.button.mission_6,Button0,helpDescMissing,0,IDS_undefined_string_sebi,legacy.strings.ids_undefined_string_sebi,symbol_only_from_strings_res_h,strings.res.h
data/defs/ui/packages/legacy_imgui/game/mcl_cm_op1_6.fit,GuiButton,game.mcl_cm_op1_6.button.mission_7,Button1,helpCaptionMissing,0,IDS_undefined_string_sebi,legacy.strings.ids_undefined_string_sebi,symbol_only_from_strings_res_h,strings.res.h
data/defs/ui/packages/legacy_imgui/game/mcl_cm_op1_6.fit,GuiButton,game.mcl_cm_op1_6.button.mission_7,Button1,helpDescMissing,0,IDS_undefined_string_sebi,legacy.strings.ids_undefined_string_sebi,symbol_only_from_strings_res_h,strings.res.h
data/defs/ui/packages/legacy_imgui/game/mcl_cm_op1_6.fit,GuiButton,game.mcl_cm_op1_6.button.mission_8,Button2,helpCaptionMissing,0,IDS_undefined_string_sebi,legacy.strings.ids_undefined_string_sebi,symbol_only_from_strings_res_h,strings.res.h
data/defs/ui/packages/legacy_imgui/game/mcl_cm_op1_6.fit,GuiButton,game.mcl_cm_op1_6.button.mission_8,Button2,helpDescMissing,0,IDS_undefined_string_sebi,legacy.strings.ids_undefined_string_sebi,symbol_only_from_strings_res_h,strings.res.h
data/defs/ui/packages/legacy_imgui/game/mcl_cm_op1_6.fit,GuiButton,game.mcl_cm_op1_6.button.mission_9,Button3,helpCaptionMissing,0,IDS_undefined_string_sebi,legacy.strings.ids_undefined_string_sebi,symbol_only_from_strings_res_h,strings.res.h
data/defs/ui/packages/legacy_imgui/game/mcl_cm_op1_6.fit,GuiButton,game.mcl_cm_op1_6.button.mission_9,Button3,helpDescMissing,0,IDS_undefined_string_sebi,legacy.strings.ids_undefined_string_sebi,symbol_only_from_strings_res_h,strings.res.h
data/defs/ui/packages/legacy_imgui/game/mcl_cm_op2_1.fit,GuiButton,game.mcl_cm_op2_1.button.mission_10,Button0,helpCaptionMissing,0,IDS_undefined_string_sebi,legacy.strings.ids_undefined_string_sebi,symbol_only_from_strings_res_h,strings.res.h
data/defs/ui/packages/legacy_imgui/game/mcl_cm_op2_1.fit,GuiButton,game.mcl_cm_op2_1.button.mission_10,Button0,helpDescMissing,0,IDS_undefined_string_sebi,legacy.strings.ids_undefined_string_sebi,symbol_only_from_strings_res_h,strings.res.h
data/defs/ui/packages/legacy_imgui/game/mcl_cm_op2_2.fit,GuiButton,game.mcl_cm_op2_2.button.mission_11,Button0,helpCaptionMissing,0,IDS_undefined_string_sebi,legacy.strings.ids_undefined_string_sebi,symbol_only_from_strings_res_h,strings.res.h
data/defs/ui/packages/legacy_imgui/game/mcl_cm_op2_2.fit,GuiButton,game.mcl_cm_op2_2.button.mission_11,Button0,helpDescMissing,0,IDS_undefined_string_sebi,legacy.strings.ids_undefined_string_sebi,symbol_only_from_strings_res_h,strings.res.h
data/defs/ui/packages/legacy_imgui/game/mcl_cm_op2_2.fit,GuiButton,game.mcl_cm_op2_2.button.mission_12,Button1,helpCaptionMissing,0,IDS_undefined_string_sebi,legacy.strings.ids_undefined_string_sebi,symbol_only_from_strings_res_h,strings.res.h
data/defs/ui/packages/legacy_imgui/game/mcl_cm_op2_2.fit,GuiButton,game.mcl_cm_op2_2.button.mission_12,Button1,helpDescMissing,0,IDS_undefined_string_sebi,legacy.strings.ids_undefined_string_sebi,symbol_only_from_strings_res_h,strings.res.h
data/defs/ui/packages/legacy_imgui/game/mcl_cm_op2_2.fit,GuiButton,game.mcl_cm_op2_2.button.mission_13,Button2,helpCaptionMissing,0,IDS_undefined_string_sebi,legacy.strings.ids_undefined_string_sebi,symbol_only_from_strings_res_h,strings.res.h
data/defs/ui/packages/legacy_imgui/game/mcl_cm_op2_2.fit,GuiButton,game.mcl_cm_op2_2.button.mission_13,Button2,helpDescMissing,0,IDS_undefined_string_sebi,legacy.strings.ids_undefined_string_sebi,symbol_only_from_strings_res_h,strings.res.h
data/defs/ui/packages/legacy_imgui/game/mcl_cm_op2_3.fit,GuiButton,game.mcl_cm_op2_3.button.mission_14,Button0,helpCaptionMissing,0,IDS_undefined_string_sebi,legacy.strings.ids_undefined_string_sebi,symbol_only_from_strings_res_h,strings.res.h
data/defs/ui/packages/legacy_imgui/game/mcl_cm_op2_3.fit,GuiButton,game.mcl_cm_op2_3.button.mission_14,Button0,helpDescMissing,0,IDS_undefined_string_sebi,legacy.strings.ids_undefined_string_sebi,symbol_only_from_strings_res_h,strings.res.h
data/defs/ui/packages/legacy_imgui/game/mcl_cm_op2_3.fit,GuiButton,game.mcl_cm_op2_3.button.mission_15,Button1,helpCaptionMissing,0,IDS_undefined_string_sebi,legacy.strings.ids_undefined_string_sebi,symbol_only_from_strings_res_h,strings.res.h
data/defs/ui/packages/legacy_imgui/game/mcl_cm_op2_3.fit,GuiButton,game.mcl_cm_op2_3.button.mission_15,Button1,helpDescMissing,0,IDS_undefined_string_sebi,legacy.strings.ids_undefined_string_sebi,symbol_only_from_strings_res_h,strings.res.h
data/defs/ui/packages/legacy_imgui/game/mcl_cm_op2_3.fit,GuiButton,game.mcl_cm_op2_3.button.mission_16,Button2,helpCaptionMissing,0,IDS_undefined_string_sebi,legacy.strings.ids_undefined_string_sebi,symbol_only_from_strings_res_h,strings.res.h
data/defs/ui/packages/legacy_imgui/game/mcl_cm_op2_3.fit,GuiButton,game.mcl_cm_op2_3.button.mission_16,Button2,helpDescMissing,0,IDS_undefined_string_sebi,legacy.strings.ids_undefined_string_sebi,symbol_only_from_strings_res_h,strings.res.h
data/defs/ui/packages/legacy_imgui/game/mcl_cm_op2_3.fit,GuiButton,game.mcl_cm_op2_3.button.mission_17,Button3,helpCaptionMissing,0,IDS_undefined_string_sebi,legacy.strings.ids_undefined_string_sebi,symbol_only_from_strings_res_h,strings.res.h
data/defs/ui/packages/legacy_imgui/game/mcl_cm_op2_3.fit,GuiButton,game.mcl_cm_op2_3.button.mission_17,Button3,helpDescMissing,0,IDS_undefined_string_sebi,legacy.strings.ids_undefined_string_sebi,symbol_only_from_strings_res_h,strings.res.h
data/defs/ui/packages/legacy_imgui/game/mcl_cm_op3_1.fit,GuiButton,game.mcl_cm_op3_1.button.mission_18,Button0,helpCaptionMissing,0,IDS_undefined_string_sebi,legacy.strings.ids_undefined_string_sebi,symbol_only_from_strings_res_h,strings.res.h
data/defs/ui/packages/legacy_imgui/game/mcl_cm_op3_1.fit,GuiButton,game.mcl_cm_op3_1.button.mission_18,Button0,helpDescMissing,0,IDS_undefined_string_sebi,legacy.strings.ids_undefined_string_sebi,symbol_only_from_strings_res_h,strings.res.h
data/defs/ui/packages/legacy_imgui/game/mcl_cm_op3_2.fit,GuiButton,game.mcl_cm_op3_2.button.mission_19,Button0,helpCaptionMissing,0,IDS_undefined_string_sebi,legacy.strings.ids_undefined_string_sebi,symbol_only_from_strings_res_h,strings.res.h
data/defs/ui/packages/legacy_imgui/game/mcl_cm_op3_2.fit,GuiButton,game.mcl_cm_op3_2.button.mission_19,Button0,helpDescMissing,0,IDS_undefined_string_sebi,legacy.strings.ids_undefined_string_sebi,symbol_only_from_strings_res_h,strings.res.h
data/defs/ui/packages/legacy_imgui/game/mcl_cm_op3_2.fit,GuiButton,game.mcl_cm_op3_2.button.mission_20,Button1,helpCaptionMissing,0,IDS_undefined_string_sebi,legacy.strings.ids_undefined_string_sebi,symbol_only_from_strings_res_h,strings.res.h
data/defs/ui/packages/legacy_imgui/game/mcl_cm_op3_2.fit,GuiButton,game.mcl_cm_op3_2.button.mission_20,Button1,helpDescMissing,0,IDS_undefined_string_sebi,legacy.strings.ids_undefined_string_sebi,symbol_only_from_strings_res_h,strings.res.h
data/defs/ui/packages/legacy_imgui/game/mcl_cm_op3_2.fit,GuiButton,game.mcl_cm_op3_2.button.mission_21,Button2,helpCaptionMissing,0,IDS_undefined_string_sebi,legacy.strings.ids_undefined_string_sebi,symbol_only_from_strings_res_h,strings.res.h
data/defs/ui/packages/legacy_imgui/game/mcl_cm_op3_2.fit,GuiButton,game.mcl_cm_op3_2.button.mission_21,Button2,helpDescMissing,0,IDS_undefined_string_sebi,legacy.strings.ids_undefined_string_sebi,symbol_only_from_strings_res_h,strings.res.h
data/defs/ui/packages/legacy_imgui/game/mcl_cm_op3_2.fit,GuiButton,game.mcl_cm_op3_2.button.mission_22,Button3,helpCaptionMissing,0,IDS_undefined_string_sebi,legacy.strings.ids_undefined_string_sebi,symbol_only_from_strings_res_h,strings.res.h
data/defs/ui/packages/legacy_imgui/game/mcl_cm_op3_2.fit,GuiButton,game.mcl_cm_op3_2.button.mission_22,Button3,helpDescMissing,0,IDS_undefined_string_sebi,legacy.strings.ids_undefined_string_sebi,symbol_only_from_strings_res_h,strings.res.h
data/defs/ui/packages/legacy_imgui/game/mcl_cm_op3_3.fit,GuiButton,game.mcl_cm_op3_3.button.mission_23,Button0,helpCaptionMissing,0,IDS_undefined_string_sebi,legacy.strings.ids_undefined_string_sebi,symbol_only_from_strings_res_h,strings.res.h
data/defs/ui/packages/legacy_imgui/game/mcl_cm_op3_3.fit,GuiButton,game.mcl_cm_op3_3.button.mission_23,Button0,helpDescMissing,0,IDS_undefined_string_sebi,legacy.strings.ids_undefined_string_sebi,symbol_only_from_strings_res_h,strings.res.h
data/defs/ui/packages/legacy_imgui/game/mcl_cm_op3_4.fit,GuiButton,game.mcl_cm_op3_4.button.mission_24,Button0,helpCaptionMissing,0,IDS_undefined_string_sebi,legacy.strings.ids_undefined_string_sebi,symbol_only_from_strings_res_h,strings.res.h
data/defs/ui/packages/legacy_imgui/game/mcl_cm_op3_4.fit,GuiButton,game.mcl_cm_op3_4.button.mission_24,Button0,helpDescMissing,0,IDS_undefined_string_sebi,legacy.strings.ids_undefined_string_sebi,symbol_only_from_strings_res_h,strings.res.h
data/defs/ui/packages/legacy_imgui/game/mcl_cm_op_sample.fit,GuiButton,game.mcl_cm_op_sample.button.mission1,Button0,helpCaptionMissing,0,IDS_undefined_string_sebi,legacy.strings.ids_undefined_string_sebi,symbol_only_from_strings_res_h,strings.res.h
data/defs/ui/packages/legacy_imgui/game/mcl_cm_op_sample.fit,GuiButton,game.mcl_cm_op_sample.button.mission1,Button0,helpDescMissing,0,IDS_undefined_string_sebi,legacy.strings.ids_undefined_string_sebi,symbol_only_from_strings_res_h,strings.res.h
data/defs/ui/packages/legacy_imgui/game/mcl_cm_op_sample.fit,GuiButton,game.mcl_cm_op_sample.button.mission2,Button1,helpCaptionMissing,0,IDS_undefined_string_sebi,legacy.strings.ids_undefined_string_sebi,symbol_only_from_strings_res_h,strings.res.h
data/defs/ui/packages/legacy_imgui/game/mcl_cm_op_sample.fit,GuiButton,game.mcl_cm_op_sample.button.mission2,Button1,helpDescMissing,0,IDS_undefined_string_sebi,legacy.strings.ids_undefined_string_sebi,symbol_only_from_strings_res_h,strings.res.h
data/defs/ui/packages/legacy_imgui/game/mcl_cm_op_sample.fit,GuiButton,game.mcl_cm_op_sample.button.mission3,Button2,helpCaptionMissing,0,IDS_undefined_string_sebi,legacy.strings.ids_undefined_string_sebi,symbol_only_from_strings_res_h,strings.res.h
data/defs/ui/packages/legacy_imgui/game/mcl_cm_op_sample.fit,GuiButton,game.mcl_cm_op_sample.button.mission3,Button2,helpDescMissing,0,IDS_undefined_string_sebi,legacy.strings.ids_undefined_string_sebi,symbol_only_from_strings_res_h,strings.res.h
data/defs/ui/packages/legacy_imgui/game/mcl_cm_op_sample.fit,GuiButton,game.mcl_cm_op_sample.button.mission4,Button3,helpCaptionMissing,0,IDS_undefined_string_sebi,legacy.strings.ids_undefined_string_sebi,symbol_only_from_strings_res_h,strings.res.h
data/defs/ui/packages/legacy_imgui/game/mcl_cm_op_sample.fit,GuiButton,game.mcl_cm_op_sample.button.mission4,Button3,helpDescMissing,0,IDS_undefined_string_sebi,legacy.strings.ids_undefined_string_sebi,symbol_only_from_strings_res_h,strings.res.h
data/defs/ui/packages/legacy_imgui/game/mcl_cm_op_sample.fit,GuiButton,game.mcl_cm_op_sample.button.mission5,Button4,helpCaptionMissing,0,IDS_undefined_string_sebi,legacy.strings.ids_undefined_string_sebi,symbol_only_from_strings_res_h,strings.res.h
data/defs/ui/packages/legacy_imgui/game/mcl_cm_op_sample.fit,GuiButton,game.mcl_cm_op_sample.button.mission5,Button4,helpDescMissing,0,IDS_undefined_string_sebi,legacy.strings.ids_undefined_string_sebi,symbol_only_from_strings_res_h,strings.res.h
data/defs/ui/packages/legacy_imgui/game/mcl_cm_op_sample.fit,GuiText,game.mcl_cm_op_sample.text.text,Text0,runtimeTextPreviewMissing,27654,,,,
data/defs/ui/packages/legacy_imgui/game/mcl_cm_op_sample_1_mission.fit,GuiButton,game.mcl_cm_op_sample_1_mission.button.mission_2,Button0,helpCaptionMissing,0,IDS_undefined_string_sebi,legacy.strings.ids_undefined_string_sebi,symbol_only_from_strings_res_h,strings.res.h
data/defs/ui/packages/legacy_imgui/game/mcl_cm_op_sample_1_mission.fit,GuiButton,game.mcl_cm_op_sample_1_mission.button.mission_2,Button0,helpDescMissing,0,IDS_undefined_string_sebi,legacy.strings.ids_undefined_string_sebi,symbol_only_from_strings_res_h,strings.res.h
data/defs/ui/packages/legacy_imgui/game/mcl_cm_op_sample_2_missions.fit,GuiButton,game.mcl_cm_op_sample_2_missions.button.button,Button0,helpCaptionMissing,0,IDS_undefined_string_sebi,legacy.strings.ids_undefined_string_sebi,symbol_only_from_strings_res_h,strings.res.h
data/defs/ui/packages/legacy_imgui/game/mcl_cm_op_sample_2_missions.fit,GuiButton,game.mcl_cm_op_sample_2_missions.button.button,Button0,helpDescMissing,0,IDS_undefined_string_sebi,legacy.strings.ids_undefined_string_sebi,symbol_only_from_strings_res_h,strings.res.h
data/defs/ui/packages/legacy_imgui/game/mcl_cm_op_sample_2_missions.fit,GuiButton,game.mcl_cm_op_sample_2_missions.button.button_01,Button1,helpCaptionMissing,0,IDS_undefined_string_sebi,legacy.strings.ids_undefined_string_sebi,symbol_only_from_strings_res_h,strings.res.h
data/defs/ui/packages/legacy_imgui/game/mcl_cm_op_sample_2_missions.fit,GuiButton,game.mcl_cm_op_sample_2_missions.button.button_01,Button1,helpDescMissing,0,IDS_undefined_string_sebi,legacy.strings.ids_undefined_string_sebi,symbol_only_from_strings_res_h,strings.res.h
data/defs/ui/packages/legacy_imgui/game/mcl_cm_op_sample_2_missions.fit,GuiText,game.mcl_cm_op_sample_2_missions.text.text,Text0,runtimeTextPreviewMissing,27654,,,,
data/defs/ui/packages/legacy_imgui/game/mcl_cm_op_sample_3_missions.fit,GuiButton,game.mcl_cm_op_sample_3_missions.button.mission_19,Button0,helpCaptionMissing,0,IDS_undefined_string_sebi,legacy.strings.ids_undefined_string_sebi,symbol_only_from_strings_res_h,strings.res.h
data/defs/ui/packages/legacy_imgui/game/mcl_cm_op_sample_3_missions.fit,GuiButton,game.mcl_cm_op_sample_3_missions.button.mission_19,Button0,helpDescMissing,0,IDS_undefined_string_sebi,legacy.strings.ids_undefined_string_sebi,symbol_only_from_strings_res_h,strings.res.h
data/defs/ui/packages/legacy_imgui/game/mcl_cm_op_sample_3_missions.fit,GuiButton,game.mcl_cm_op_sample_3_missions.button.mission_20,Button1,helpCaptionMissing,0,IDS_undefined_string_sebi,legacy.strings.ids_undefined_string_sebi,symbol_only_from_strings_res_h,strings.res.h
data/defs/ui/packages/legacy_imgui/game/mcl_cm_op_sample_3_missions.fit,GuiButton,game.mcl_cm_op_sample_3_missions.button.mission_20,Button1,helpDescMissing,0,IDS_undefined_string_sebi,legacy.strings.ids_undefined_string_sebi,symbol_only_from_strings_res_h,strings.res.h
data/defs/ui/packages/legacy_imgui/game/mcl_cm_op_sample_3_missions.fit,GuiButton,game.mcl_cm_op_sample_3_missions.button.mission_21,Button2,helpCaptionMissing,0,IDS_undefined_string_sebi,legacy.strings.ids_undefined_string_sebi,symbol_only_from_strings_res_h,strings.res.h
data/defs/ui/packages/legacy_imgui/game/mcl_cm_op_sample_3_missions.fit,GuiButton,game.mcl_cm_op_sample_3_missions.button.mission_21,Button2,helpDescMissing,0,IDS_undefined_string_sebi,legacy.strings.ids_undefined_string_sebi,symbol_only_from_strings_res_h,strings.res.h
data/defs/ui/packages/legacy_imgui/game/mcl_cm_op_sample_4_missions.fit,GuiButton,game.mcl_cm_op_sample_4_missions.button.mission_14,Button0,helpCaptionMissing,0,IDS_undefined_string_sebi,legacy.strings.ids_undefined_string_sebi,symbol_only_from_strings_res_h,strings.res.h
data/defs/ui/packages/legacy_imgui/game/mcl_cm_op_sample_4_missions.fit,GuiButton,game.mcl_cm_op_sample_4_missions.button.mission_14,Button0,helpDescMissing,0,IDS_undefined_string_sebi,legacy.strings.ids_undefined_string_sebi,symbol_only_from_strings_res_h,strings.res.h
data/defs/ui/packages/legacy_imgui/game/mcl_cm_op_sample_4_missions.fit,GuiButton,game.mcl_cm_op_sample_4_missions.button.mission_15,Button1,helpCaptionMissing,0,IDS_undefined_string_sebi,legacy.strings.ids_undefined_string_sebi,symbol_only_from_strings_res_h,strings.res.h
data/defs/ui/packages/legacy_imgui/game/mcl_cm_op_sample_4_missions.fit,GuiButton,game.mcl_cm_op_sample_4_missions.button.mission_15,Button1,helpDescMissing,0,IDS_undefined_string_sebi,legacy.strings.ids_undefined_string_sebi,symbol_only_from_strings_res_h,strings.res.h
data/defs/ui/packages/legacy_imgui/game/mcl_cm_op_sample_4_missions.fit,GuiButton,game.mcl_cm_op_sample_4_missions.button.mission_16,Button2,helpCaptionMissing,0,IDS_undefined_string_sebi,legacy.strings.ids_undefined_string_sebi,symbol_only_from_strings_res_h,strings.res.h
data/defs/ui/packages/legacy_imgui/game/mcl_cm_op_sample_4_missions.fit,GuiButton,game.mcl_cm_op_sample_4_missions.button.mission_16,Button2,helpDescMissing,0,IDS_undefined_string_sebi,legacy.strings.ids_undefined_string_sebi,symbol_only_from_strings_res_h,strings.res.h
data/defs/ui/packages/legacy_imgui/game/mcl_cm_op_sample_4_missions.fit,GuiButton,game.mcl_cm_op_sample_4_missions.button.mission_17,Button3,helpCaptionMissing,0,IDS_undefined_string_sebi,legacy.strings.ids_undefined_string_sebi,symbol_only_from_strings_res_h,strings.res.h
data/defs/ui/packages/legacy_imgui/game/mcl_cm_op_sample_4_missions.fit,GuiButton,game.mcl_cm_op_sample_4_missions.button.mission_17,Button3,helpDescMissing,0,IDS_undefined_string_sebi,legacy.strings.ids_undefined_string_sebi,symbol_only_from_strings_res_h,strings.res.h
data/defs/ui/packages/legacy_imgui/game/mcl_cm_opgeneric_1.fit,GuiButton,game.mcl_cm_opgeneric_1.button.mission_2,Button0,helpCaptionMissing,0,IDS_undefined_string_sebi,legacy.strings.ids_undefined_string_sebi,symbol_only_from_strings_res_h,strings.res.h
data/defs/ui/packages/legacy_imgui/game/mcl_cm_opgeneric_1.fit,GuiButton,game.mcl_cm_opgeneric_1.button.mission_2,Button0,helpDescMissing,0,IDS_undefined_string_sebi,legacy.strings.ids_undefined_string_sebi,symbol_only_from_strings_res_h,strings.res.h
data/defs/ui/packages/legacy_imgui/game/mcl_cm_opgeneric_2.fit,GuiButton,game.mcl_cm_opgeneric_2.button.button,Button0,helpCaptionMissing,0,IDS_undefined_string_sebi,legacy.strings.ids_undefined_string_sebi,symbol_only_from_strings_res_h,strings.res.h
data/defs/ui/packages/legacy_imgui/game/mcl_cm_opgeneric_2.fit,GuiButton,game.mcl_cm_opgeneric_2.button.button,Button0,helpDescMissing,0,IDS_undefined_string_sebi,legacy.strings.ids_undefined_string_sebi,symbol_only_from_strings_res_h,strings.res.h
data/defs/ui/packages/legacy_imgui/game/mcl_cm_opgeneric_2.fit,GuiButton,game.mcl_cm_opgeneric_2.button.button_01,Button1,helpCaptionMissing,0,IDS_undefined_string_sebi,legacy.strings.ids_undefined_string_sebi,symbol_only_from_strings_res_h,strings.res.h
data/defs/ui/packages/legacy_imgui/game/mcl_cm_opgeneric_2.fit,GuiButton,game.mcl_cm_opgeneric_2.button.button_01,Button1,helpDescMissing,0,IDS_undefined_string_sebi,legacy.strings.ids_undefined_string_sebi,symbol_only_from_strings_res_h,strings.res.h
data/defs/ui/packages/legacy_imgui/game/mcl_cm_opgeneric_2.fit,GuiText,game.mcl_cm_opgeneric_2.text.text,Text0,runtimeTextPreviewMissing,27654,,,,
data/defs/ui/packages/legacy_imgui/game/mcl_cm_opgeneric_3.fit,GuiButton,game.mcl_cm_opgeneric_3.button.mission_19,Button0,helpCaptionMissing,0,IDS_undefined_string_sebi,legacy.strings.ids_undefined_string_sebi,symbol_only_from_strings_res_h,strings.res.h
data/defs/ui/packages/legacy_imgui/game/mcl_cm_opgeneric_3.fit,GuiButton,game.mcl_cm_opgeneric_3.button.mission_19,Button0,helpDescMissing,0,IDS_undefined_string_sebi,legacy.strings.ids_undefined_string_sebi,symbol_only_from_strings_res_h,strings.res.h
data/defs/ui/packages/legacy_imgui/game/mcl_cm_opgeneric_3.fit,GuiButton,game.mcl_cm_opgeneric_3.button.mission_20,Button1,helpCaptionMissing,0,IDS_undefined_string_sebi,legacy.strings.ids_undefined_string_sebi,symbol_only_from_strings_res_h,strings.res.h
data/defs/ui/packages/legacy_imgui/game/mcl_cm_opgeneric_3.fit,GuiButton,game.mcl_cm_opgeneric_3.button.mission_20,Button1,helpDescMissing,0,IDS_undefined_string_sebi,legacy.strings.ids_undefined_string_sebi,symbol_only_from_strings_res_h,strings.res.h
data/defs/ui/packages/legacy_imgui/game/mcl_cm_opgeneric_3.fit,GuiButton,game.mcl_cm_opgeneric_3.button.mission_21,Button2,helpCaptionMissing,0,IDS_undefined_string_sebi,legacy.strings.ids_undefined_string_sebi,symbol_only_from_strings_res_h,strings.res.h
data/defs/ui/packages/legacy_imgui/game/mcl_cm_opgeneric_3.fit,GuiButton,game.mcl_cm_opgeneric_3.button.mission_21,Button2,helpDescMissing,0,IDS_undefined_string_sebi,legacy.strings.ids_undefined_string_sebi,symbol_only_from_strings_res_h,strings.res.h
data/defs/ui/packages/legacy_imgui/game/mcl_cm_opgeneric_4.fit,GuiButton,game.mcl_cm_opgeneric_4.button.mission_14,Button0,helpCaptionMissing,0,IDS_undefined_string_sebi,legacy.strings.ids_undefined_string_sebi,symbol_only_from_strings_res_h,strings.res.h
data/defs/ui/packages/legacy_imgui/game/mcl_cm_opgeneric_4.fit,GuiButton,game.mcl_cm_opgeneric_4.button.mission_14,Button0,helpDescMissing,0,IDS_undefined_string_sebi,legacy.strings.ids_undefined_string_sebi,symbol_only_from_strings_res_h,strings.res.h
data/defs/ui/packages/legacy_imgui/game/mcl_cm_opgeneric_4.fit,GuiButton,game.mcl_cm_opgeneric_4.button.mission_15,Button1,helpCaptionMissing,0,IDS_undefined_string_sebi,legacy.strings.ids_undefined_string_sebi,symbol_only_from_strings_res_h,strings.res.h
data/defs/ui/packages/legacy_imgui/game/mcl_cm_opgeneric_4.fit,GuiButton,game.mcl_cm_opgeneric_4.button.mission_15,Button1,helpDescMissing,0,IDS_undefined_string_sebi,legacy.strings.ids_undefined_string_sebi,symbol_only_from_strings_res_h,strings.res.h
data/defs/ui/packages/legacy_imgui/game/mcl_cm_opgeneric_4.fit,GuiButton,game.mcl_cm_opgeneric_4.button.mission_16,Button2,helpCaptionMissing,0,IDS_undefined_string_sebi,legacy.strings.ids_undefined_string_sebi,symbol_only_from_strings_res_h,strings.res.h
data/defs/ui/packages/legacy_imgui/game/mcl_cm_opgeneric_4.fit,GuiButton,game.mcl_cm_opgeneric_4.button.mission_16,Button2,helpDescMissing,0,IDS_undefined_string_sebi,legacy.strings.ids_undefined_string_sebi,symbol_only_from_strings_res_h,strings.res.h
data/defs/ui/packages/legacy_imgui/game/mcl_cm_opgeneric_4.fit,GuiButton,game.mcl_cm_opgeneric_4.button.mission_17,Button3,helpCaptionMissing,0,IDS_undefined_string_sebi,legacy.strings.ids_undefined_string_sebi,symbol_only_from_strings_res_h,strings.res.h
data/defs/ui/packages/legacy_imgui/game/mcl_cm_opgeneric_4.fit,GuiButton,game.mcl_cm_opgeneric_4.button.mission_17,Button3,helpDescMissing,0,IDS_undefined_string_sebi,legacy.strings.ids_undefined_string_sebi,symbol_only_from_strings_res_h,strings.res.h
data/defs/ui/packages/legacy_imgui/game/mcl_cm_opplayer.fit,GuiButton,game.mcl_cm_opplayer.button.mission1,Button0,helpCaptionMissing,0,IDS_undefined_string_sebi,legacy.strings.ids_undefined_string_sebi,symbol_only_from_strings_res_h,strings.res.h
data/defs/ui/packages/legacy_imgui/game/mcl_cm_opplayer.fit,GuiButton,game.mcl_cm_opplayer.button.mission1,Button0,helpDescMissing,0,IDS_undefined_string_sebi,legacy.strings.ids_undefined_string_sebi,symbol_only_from_strings_res_h,strings.res.h
data/defs/ui/packages/legacy_imgui/game/mcl_cm_opplayer.fit,GuiButton,game.mcl_cm_opplayer.button.mission2,Button1,helpCaptionMissing,0,IDS_undefined_string_sebi,legacy.strings.ids_undefined_string_sebi,symbol_only_from_strings_res_h,strings.res.h
data/defs/ui/packages/legacy_imgui/game/mcl_cm_opplayer.fit,GuiButton,game.mcl_cm_opplayer.button.mission2,Button1,helpDescMissing,0,IDS_undefined_string_sebi,legacy.strings.ids_undefined_string_sebi,symbol_only_from_strings_res_h,strings.res.h
data/defs/ui/packages/legacy_imgui/game/mcl_cm_opplayer.fit,GuiButton,game.mcl_cm_opplayer.button.mission3,Button2,helpCaptionMissing,0,IDS_undefined_string_sebi,legacy.strings.ids_undefined_string_sebi,symbol_only_from_strings_res_h,strings.res.h
data/defs/ui/packages/legacy_imgui/game/mcl_cm_opplayer.fit,GuiButton,game.mcl_cm_opplayer.button.mission3,Button2,helpDescMissing,0,IDS_undefined_string_sebi,legacy.strings.ids_undefined_string_sebi,symbol_only_from_strings_res_h,strings.res.h
data/defs/ui/packages/legacy_imgui/game/mcl_cm_opplayer.fit,GuiButton,game.mcl_cm_opplayer.button.mission4,Button3,helpCaptionMissing,0,IDS_undefined_string_sebi,legacy.strings.ids_undefined_string_sebi,symbol_only_from_strings_res_h,strings.res.h
data/defs/ui/packages/legacy_imgui/game/mcl_cm_opplayer.fit,GuiButton,game.mcl_cm_opplayer.button.mission4,Button3,helpDescMissing,0,IDS_undefined_string_sebi,legacy.strings.ids_undefined_string_sebi,symbol_only_from_strings_res_h,strings.res.h
data/defs/ui/packages/legacy_imgui/game/mcl_cm_opplayer.fit,GuiButton,game.mcl_cm_opplayer.button.mission5,Button4,helpCaptionMissing,0,IDS_undefined_string_sebi,legacy.strings.ids_undefined_string_sebi,symbol_only_from_strings_res_h,strings.res.h
data/defs/ui/packages/legacy_imgui/game/mcl_cm_opplayer.fit,GuiButton,game.mcl_cm_opplayer.button.mission5,Button4,helpDescMissing,0,IDS_undefined_string_sebi,legacy.strings.ids_undefined_string_sebi,symbol_only_from_strings_res_h,strings.res.h
data/defs/ui/packages/legacy_imgui/game/mcl_cm_opplayer.fit,GuiText,game.mcl_cm_opplayer.text.text,Text0,runtimeTextPreviewMissing,27654,,,,
data/defs/ui/packages/legacy_imgui/game/mcl_cm_optutorials.fit,GuiButton,game.mcl_cm_optutorials.button.tutorial_1,Button0,helpCaptionMissing,0,IDS_undefined_string_sebi,legacy.strings.ids_undefined_string_sebi,symbol_only_from_strings_res_h,strings.res.h
data/defs/ui/packages/legacy_imgui/game/mcl_cm_optutorials.fit,GuiButton,game.mcl_cm_optutorials.button.tutorial_1,Button0,helpDescMissing,0,IDS_undefined_string_sebi,legacy.strings.ids_undefined_string_sebi,symbol_only_from_strings_res_h,strings.res.h
data/defs/ui/packages/legacy_imgui/game/mcl_cm_optutorials.fit,GuiButton,game.mcl_cm_optutorials.button.tutorial_2,Button1,helpCaptionMissing,0,IDS_undefined_string_sebi,legacy.strings.ids_undefined_string_sebi,symbol_only_from_strings_res_h,strings.res.h
data/defs/ui/packages/legacy_imgui/game/mcl_cm_optutorials.fit,GuiButton,game.mcl_cm_optutorials.button.tutorial_2,Button1,helpDescMissing,0,IDS_undefined_string_sebi,legacy.strings.ids_undefined_string_sebi,symbol_only_from_strings_res_h,strings.res.h
data/defs/ui/packages/legacy_imgui/game/mcl_cm_optutorials.fit,GuiButton,game.mcl_cm_optutorials.button.tutorial_3,Button2,helpCaptionMissing,0,IDS_undefined_string_sebi,legacy.strings.ids_undefined_string_sebi,symbol_only_from_strings_res_h,strings.res.h
data/defs/ui/packages/legacy_imgui/game/mcl_cm_optutorials.fit,GuiButton,game.mcl_cm_optutorials.button.tutorial_3,Button2,helpDescMissing,0,IDS_undefined_string_sebi,legacy.strings.ids_undefined_string_sebi,symbol_only_from_strings_res_h,strings.res.h
data/defs/ui/packages/legacy_imgui/game/mcl_cm_optutorials.fit,GuiButton,game.mcl_cm_optutorials.button.tutorial_4,Button3,helpCaptionMissing,0,IDS_undefined_string_sebi,legacy.strings.ids_undefined_string_sebi,symbol_only_from_strings_res_h,strings.res.h
data/defs/ui/packages/legacy_imgui/game/mcl_cm_optutorials.fit,GuiButton,game.mcl_cm_optutorials.button.tutorial_4,Button3,helpDescMissing,0,IDS_undefined_string_sebi,legacy.strings.ids_undefined_string_sebi,symbol_only_from_strings_res_h,strings.res.h
data/defs/ui/packages/legacy_imgui/game/mcl_cm_optutorials.fit,GuiButton,game.mcl_cm_optutorials.button.tutorial_5,Button4,helpCaptionMissing,0,IDS_undefined_string_sebi,legacy.strings.ids_undefined_string_sebi,symbol_only_from_strings_res_h,strings.res.h
data/defs/ui/packages/legacy_imgui/game/mcl_cm_optutorials.fit,GuiButton,game.mcl_cm_optutorials.button.tutorial_5,Button4,helpDescMissing,0,IDS_undefined_string_sebi,legacy.strings.ids_undefined_string_sebi,symbol_only_from_strings_res_h,strings.res.h
data/defs/ui/packages/legacy_imgui/game/mcl_cm_optutorials.fit,GuiText,game.mcl_cm_optutorials.text.text,Text0,runtimeTextPreviewMissing,27654,,,,
data/defs/ui/packages/legacy_imgui/game/mcl_dialog.fit,GuiButton,game.mcl_dialog.button.cancel_button,Button0,helpCaptionMissing,0,IDS_undefined_string_sebi,legacy.strings.ids_undefined_string_sebi,symbol_only_from_strings_res_h,strings.res.h
data/defs/ui/packages/legacy_imgui/game/mcl_dialog.fit,GuiButton,game.mcl_dialog.button.cancel_button,Button0,helpDescMissing,0,IDS_undefined_string_sebi,legacy.strings.ids_undefined_string_sebi,symbol_only_from_strings_res_h,strings.res.h
data/defs/ui/packages/legacy_imgui/game/mcl_dialog.fit,GuiButton,game.mcl_dialog.button.okay_button,Button1,helpCaptionMissing,0,IDS_undefined_string_sebi,legacy.strings.ids_undefined_string_sebi,symbol_only_from_strings_res_h,strings.res.h
data/defs/ui/packages/legacy_imgui/game/mcl_dialog.fit,GuiButton,game.mcl_dialog.button.okay_button,Button1,helpDescMissing,0,IDS_undefined_string_sebi,legacy.strings.ids_undefined_string_sebi,symbol_only_from_strings_res_h,strings.res.h
data/defs/ui/packages/legacy_imgui/game/mcl_dialog_edit.fit,GuiButton,game.mcl_dialog_edit.button.cancel_button,Button0,helpCaptionMissing,0,IDS_undefined_string_sebi,legacy.strings.ids_undefined_string_sebi,symbol_only_from_strings_res_h,strings.res.h
data/defs/ui/packages/legacy_imgui/game/mcl_dialog_edit.fit,GuiButton,game.mcl_dialog_edit.button.cancel_button,Button0,helpDescMissing,0,IDS_undefined_string_sebi,legacy.strings.ids_undefined_string_sebi,symbol_only_from_strings_res_h,strings.res.h
data/defs/ui/packages/legacy_imgui/game/mcl_dialog_edit.fit,GuiButton,game.mcl_dialog_edit.button.okay_button,Button1,helpCaptionMissing,0,IDS_undefined_string_sebi,legacy.strings.ids_undefined_string_sebi,symbol_only_from_strings_res_h,strings.res.h
data/defs/ui/packages/legacy_imgui/game/mcl_dialog_edit.fit,GuiButton,game.mcl_dialog_edit.button.okay_button,Button1,helpDescMissing,0,IDS_undefined_string_sebi,legacy.strings.ids_undefined_string_sebi,symbol_only_from_strings_res_h,strings.res.h
data/defs/ui/packages/legacy_imgui/game/mcl_dialog_onebutton.fit,GuiButton,game.mcl_dialog_onebutton.button.cancel_okay_whatever_button,Button0,helpCaptionMissing,0,IDS_undefined_string_sebi,legacy.strings.ids_undefined_string_sebi,symbol_only_from_strings_res_h,strings.res.h
data/defs/ui/packages/legacy_imgui/game/mcl_dialog_onebutton.fit,GuiButton,game.mcl_dialog_onebutton.button.cancel_okay_whatever_button,Button0,helpDescMissing,0,IDS_undefined_string_sebi,legacy.strings.ids_undefined_string_sebi,symbol_only_from_strings_res_h,strings.res.h
data/defs/ui/packages/legacy_imgui/game/mcl_dialoglegal.fit,GuiButton,game.mcl_dialoglegal.button.accept_button,Button0,helpCaptionMissing,0,IDS_undefined_string_sebi,legacy.strings.ids_undefined_string_sebi,symbol_only_from_strings_res_h,strings.res.h
data/defs/ui/packages/legacy_imgui/game/mcl_en.fit,GuiButton,game.mcl_en.button.mech_category_button,Button0,helpCaptionMissing,0,IDS_undefined_string_sebi,legacy.strings.ids_undefined_string_sebi,symbol_only_from_strings_res_h,strings.res.h
data/defs/ui/packages/legacy_imgui/game/mcl_en.fit,GuiButton,game.mcl_en.button.buildings_category_button,Button1,helpCaptionMissing,0,IDS_undefined_string_sebi,legacy.strings.ids_undefined_string_sebi,symbol_only_from_strings_res_h,strings.res.h
data/defs/ui/packages/legacy_imgui/game/mcl_en.fit,GuiButton,game.mcl_en.button.vehicles,Button2,helpCaptionMissing,0,IDS_undefined_string_sebi,legacy.strings.ids_undefined_string_sebi,symbol_only_from_strings_res_h,strings.res.h
data/defs/ui/packages/legacy_imgui/game/mcl_en.fit,GuiButton,game.mcl_en.button.weapons,Button3,helpCaptionMissing,0,IDS_undefined_string_sebi,legacy.strings.ids_undefined_string_sebi,symbol_only_from_strings_res_h,strings.res.h
data/defs/ui/packages/legacy_imgui/game/mcl_en.fit,GuiButton,game.mcl_en.button.personalities,Button4,helpCaptionMissing,0,IDS_undefined_string_sebi,legacy.strings.ids_undefined_string_sebi,symbol_only_from_strings_res_h,strings.res.h
data/defs/ui/packages/legacy_imgui/game/mcl_en.fit,GuiButton,game.mcl_en.button.history,Button5,helpCaptionMissing,0,IDS_undefined_string_sebi,legacy.strings.ids_undefined_string_sebi,symbol_only_from_strings_res_h,strings.res.h
data/defs/ui/packages/legacy_imgui/game/mcl_en.fit,GuiButton,game.mcl_en.button.close_button,Button6,helpCaptionMissing,0,IDS_undefined_string_sebi,legacy.strings.ids_undefined_string_sebi,symbol_only_from_strings_res_h,strings.res.h
data/defs/ui/packages/legacy_imgui/game/mcl_en.fit,GuiText,game.mcl_en.text.help_text,Text1,textMissing,0,IDS_undefined_string_sebi,legacy.strings.ids_undefined_string_sebi,symbol_only_from_strings_res_h,strings.res.h
data/defs/ui/packages/legacy_imgui/game/mcl_en_bldg.fit,GuiText,game.mcl_en_bldg.text.structure_readout,Text1,runtimeTextPreviewMissing,27732,,,,
data/defs/ui/packages/legacy_imgui/game/mcl_en_mechs.fit,GuiText,game.mcl_en_mechs.text.mech_or_vehicle_name_header,Text0,textMissing,0,IDS_undefined_string_sebi,legacy.strings.ids_undefined_string_sebi,symbol_only_from_strings_res_h,strings.res.h
data/defs/ui/packages/legacy_imgui/game/mcl_en_vehicles.fit,GuiText,game.mcl_en_mechs.text.mech_or_vehicle_name_header,Text0,textMissing,0,IDS_undefined_string_sebi,legacy.strings.ids_undefined_string_sebi,symbol_only_from_strings_res_h,strings.res.h
data/defs/ui/packages/legacy_imgui/game/mcl_en_wep.fit,GuiText,game.mcl_en_wep.text.weapon_name,Text0,textMissing,0,IDS_undefined_string_sebi,legacy.strings.ids_undefined_string_sebi,symbol_only_from_strings_res_h,strings.res.h
data/defs/ui/packages/legacy_imgui/game/mcl_gn_availablemechentry.fit,GuiText,game.mcl_gn_availablemechentry.text.mech_name,Text0,runtimeTextPreviewMissing,27000,,,,
data/defs/ui/packages/legacy_imgui/game/mcl_gn_availablemechentry.fit,GuiText,game.mcl_gn_availablemechentry.text.weight_of_mech_text,Text1,runtimeTextPreviewMissing,27000,,,,
data/defs/ui/packages/legacy_imgui/game/mcl_gn_availablemechentry.fit,GuiText,game.mcl_gn_availablemechentry.text.number_of_mechs_available,Text2,runtimeTextPreviewMissing,27000,,,,
data/defs/ui/packages/legacy_imgui/game/mcl_gn_availablemechentry.fit,GuiText,game.mcl_gn_availablemechentry.text.variant_name,Text3,runtimeTextPreviewMissing,27000,,,,
data/defs/ui/packages/legacy_imgui/game/mcl_gn_availablemechentry.fit,GuiText,game.mcl_gn_availablemechentry.text.cost_of_mech,Text4,runtimeTextPreviewMissing,27000,,,,
data/defs/ui/packages/legacy_imgui/game/mcl_gn_deploymentteams.fit,GuiText,game.mcl_gn_deploymentteams.text.this_reads_empty_if_no_mech_is_assigned,MechNameText,runtimeTextPreviewMissing,,,,,
data/defs/ui/packages/legacy_imgui/game/mcl_gn_deploymentteams.fit,GuiText,game.mcl_gn_deploymentteams.text.this_reads_no_pilot_if_no_pilot_is_assigned,PilotNameText,runtimeTextPreviewMissing,,,,,
data/defs/ui/packages/legacy_imgui/game/mcl_mb_layout.fit,GuiText,game.mcl_mb_layout.text.cbills_text,MechBayTextEntry1,textMissing,0,IDS_undefined_string_sebi,legacy.strings.ids_undefined_string_sebi,symbol_only_from_strings_res_h,strings.res.h
data/defs/ui/packages/legacy_imgui/game/mcl_mb_layout.fit,GuiText,game.mcl_mb_layout.text.team_weight_readout,MechBayTextEntry6,textMissing,0,IDS_undefined_string_sebi,legacy.strings.ids_undefined_string_sebi,symbol_only_from_strings_res_h,strings.res.h
data/defs/ui/packages/legacy_imgui/game/mcl_mb_layout.fit,GuiText,game.mcl_mb_layout.text.mech_info_tonnage,MechBayTextEntry7,textMissing,0,IDS_undefined_string_sebi,legacy.strings.ids_undefined_string_sebi,symbol_only_from_strings_res_h,strings.res.h
data/defs/ui/packages/legacy_imgui/game/mcl_mb_layout.fit,GuiText,game.mcl_mb_layout.text.mech_info_armor,MechBayTextEntry8,textMissing,0,IDS_undefined_string_sebi,legacy.strings.ids_undefined_string_sebi,symbol_only_from_strings_res_h,strings.res.h
data/defs/ui/packages/legacy_imgui/game/mcl_mb_layout.fit,GuiText,game.mcl_mb_layout.text.mech_info_speed,MechBayTextEntry9,textMissing,0,IDS_undefined_string_sebi,legacy.strings.ids_undefined_string_sebi,symbol_only_from_strings_res_h,strings.res.h
data/defs/ui/packages/legacy_imgui/game/mcl_mb_layout.fit,GuiText,game.mcl_mb_layout.text.mech_info_jump_dist,MechBayTextEntry10,textMissing,0,IDS_undefined_string_sebi,legacy.strings.ids_undefined_string_sebi,symbol_only_from_strings_res_h,strings.res.h
data/defs/ui/packages/legacy_imgui/game/mcl_mb_layout.fit,GuiText,game.mcl_mb_layout.text.mech_name_header,MechBayTextEntry11,textMissing,0,IDS_undefined_string_sebi,legacy.strings.ids_undefined_string_sebi,symbol_only_from_strings_res_h,strings.res.h
data/defs/ui/packages/legacy_imgui/game/mcl_mb_layout.fit,GuiText,game.mcl_mb_layout.text.variant_name_header,MechBayTextEntry12,textMissing,0,IDS_undefined_string_sebi,legacy.strings.ids_undefined_string_sebi,symbol_only_from_strings_res_h,strings.res.h
data/defs/ui/packages/legacy_imgui/game/mcl_mb_layout.fit,GuiText,game.mcl_mb_layout.text.help_text,MechBayTextEntry13,textMissing,0,IDS_undefined_string_sebi,legacy.strings.ids_undefined_string_sebi,symbol_only_from_strings_res_h,strings.res.h
data/defs/ui/packages/legacy_imgui/game/mcl_mb_layout.fit,GuiText,game.mcl_mb_layout.text.mech_info_range_text,MechBayTextEntry14,textMissing,0,IDS_undefined_string_sebi,legacy.strings.ids_undefined_string_sebi,symbol_only_from_strings_res_h,strings.res.h
data/defs/ui/packages/legacy_imgui/game/mcl_mc.fit,GuiButton,game.mcl_mc.button.cancel_button,Button0,helpCaptionMissing,0,IDS_undefined_string_sebi,legacy.strings.ids_undefined_string_sebi,symbol_only_from_strings_res_h,strings.res.h
data/defs/ui/packages/legacy_imgui/game/mcl_mc.fit,GuiButton,game.mcl_mc.button.accept_button,Button1,helpCaptionMissing,0,IDS_undefined_string_sebi,legacy.strings.ids_undefined_string_sebi,symbol_only_from_strings_res_h,strings.res.h
data/defs/ui/packages/legacy_imgui/game/mcl_mc.fit,GuiButton,game.mcl_mc.button.add_component_button,Button2,helpCaptionMissing,0,IDS_undefined_string_sebi,legacy.strings.ids_undefined_string_sebi,symbol_only_from_strings_res_h,strings.res.h
data/defs/ui/packages/legacy_imgui/game/mcl_mc.fit,GuiButton,game.mcl_mc.button.remove_component_button,Button3,helpCaptionMissing,0,IDS_undefined_string_sebi,legacy.strings.ids_undefined_string_sebi,symbol_only_from_strings_res_h,strings.res.h
data/defs/ui/packages/legacy_imgui/game/mcl_mc.fit,GuiButton,game.mcl_mc.button.main_menu_button,Button4,helpCaptionMissing,0,IDS_undefined_string_sebi,legacy.strings.ids_undefined_string_sebi,symbol_only_from_strings_res_h,strings.res.h
data/defs/ui/packages/legacy_imgui/game/mcl_mc.fit,GuiButton,game.mcl_mc.button.ballistic_tab,Button5,helpCaptionMissing,0,IDS_undefined_string_sebi,legacy.strings.ids_undefined_string_sebi,symbol_only_from_strings_res_h,strings.res.h
data/defs/ui/packages/legacy_imgui/game/mcl_mc.fit,GuiButton,game.mcl_mc.button.energy_tab,Button6,helpCaptionMissing,0,IDS_undefined_string_sebi,legacy.strings.ids_undefined_string_sebi,symbol_only_from_strings_res_h,strings.res.h
data/defs/ui/packages/legacy_imgui/game/mcl_mc.fit,GuiButton,game.mcl_mc.button.missile_tab,Button7,helpCaptionMissing,0,IDS_undefined_string_sebi,legacy.strings.ids_undefined_string_sebi,symbol_only_from_strings_res_h,strings.res.h
data/defs/ui/packages/legacy_imgui/game/mcl_mc.fit,GuiButton,game.mcl_mc.button.heat_and_jump_jet_tab,Button8,helpCaptionMissing,0,IDS_undefined_string_sebi,legacy.strings.ids_undefined_string_sebi,symbol_only_from_strings_res_h,strings.res.h
data/defs/ui/packages/legacy_imgui/game/mcl_mc.fit,GuiText,game.mcl_mc.text.cbills_text,Text1,textMissing,0,IDS_undefined_string_sebi,legacy.strings.ids_undefined_string_sebi,symbol_only_from_strings_res_h,strings.res.h
data/defs/ui/packages/legacy_imgui/game/mcl_mc.fit,GuiText,game.mcl_mc.text.mech_name,Text3,textMissing,0,IDS_undefined_string_sebi,legacy.strings.ids_undefined_string_sebi,symbol_only_from_strings_res_h,strings.res.h
data/defs/ui/packages/legacy_imgui/game/mcl_mc.fit,GuiText,game.mcl_mc.text.cost_of_changes_readout,Text5,textMissing,0,IDS_undefined_string_sebi,legacy.strings.ids_undefined_string_sebi,symbol_only_from_strings_res_h,strings.res.h
data/defs/ui/packages/legacy_imgui/game/mcl_mc.fit,GuiText,game.mcl_mc.text.weapon_info_range_readout,Text7,textMissing,0,IDS_undefined_string_sebi,legacy.strings.ids_undefined_string_sebi,symbol_only_from_strings_res_h,strings.res.h
data/defs/ui/packages/legacy_imgui/game/mcl_mc.fit,GuiText,game.mcl_mc.text.weapon_info_damage_readout,Text8,textMissing,0,IDS_undefined_string_sebi,legacy.strings.ids_undefined_string_sebi,symbol_only_from_strings_res_h,strings.res.h
data/defs/ui/packages/legacy_imgui/game/mcl_mc.fit,GuiText,game.mcl_mc.text.weapon_info_recycle_readout,Text9,textMissing,0,IDS_undefined_string_sebi,legacy.strings.ids_undefined_string_sebi,symbol_only_from_strings_res_h,strings.res.h
data/defs/ui/packages/legacy_imgui/game/mcl_mc.fit,GuiText,game.mcl_mc.text.weapon_info_heat_readout,Text10,textMissing,0,IDS_undefined_string_sebi,legacy.strings.ids_undefined_string_sebi,symbol_only_from_strings_res_h,strings.res.h
data/defs/ui/packages/legacy_imgui/game/mcl_mc.fit,GuiText,game.mcl_mc.text.weapon_info_ammo_text_readout,Text13,textMissing,0,IDS_undefined_string_sebi,legacy.strings.ids_undefined_string_sebi,symbol_only_from_strings_res_h,strings.res.h
data/defs/ui/packages/legacy_imgui/game/mcl_mc.fit,GuiText,game.mcl_mc.text.help_text,Text14,textMissing,0,IDS_undefined_string_sebi,legacy.strings.ids_undefined_string_sebi,symbol_only_from_strings_res_h,strings.res.h
data/defs/ui/packages/legacy_imgui/game/mcl_mc.fit,GuiText,game.mcl_mc.text.jump_jet_heat_readout,Text15,textMissing,0,IDS_undefined_string_sebi,legacy.strings.ids_undefined_string_sebi,symbol_only_from_strings_res_h,strings.res.h
data/defs/ui/packages/legacy_imgui/game/mcl_mc.fit,GuiText,game.mcl_mc.text.heat_sink_heat_readout,Text16,textMissing,0,IDS_undefined_string_sebi,legacy.strings.ids_undefined_string_sebi,symbol_only_from_strings_res_h,strings.res.h
data/defs/ui/packages/legacy_imgui/game/mcl_mdollar.fit,GuiButton,game.mcl_mdollar.button.main_menu_button,Button0,helpCaptionMissing,0,IDS_undefined_string_sebi,legacy.strings.ids_undefined_string_sebi,symbol_only_from_strings_res_h,strings.res.h
data/defs/ui/packages/legacy_imgui/game/mcl_mdollar.fit,GuiButton,game.mcl_mdollar.button.buy_button,Button1,helpCaptionMissing,0,IDS_undefined_string_sebi,legacy.strings.ids_undefined_string_sebi,symbol_only_from_strings_res_h,strings.res.h
data/defs/ui/packages/legacy_imgui/game/mcl_mdollar.fit,GuiButton,game.mcl_mdollar.button.sell_button,Button2,helpCaptionMissing,0,IDS_undefined_string_sebi,legacy.strings.ids_undefined_string_sebi,symbol_only_from_strings_res_h,strings.res.h
data/defs/ui/packages/legacy_imgui/game/mcl_mdollar.fit,GuiButton,game.mcl_mdollar.button.cancel_button,Button3,helpCaptionMissing,0,IDS_undefined_string_sebi,legacy.strings.ids_undefined_string_sebi,symbol_only_from_strings_res_h,strings.res.h
data/defs/ui/packages/legacy_imgui/game/mcl_mdollar.fit,GuiButton,game.mcl_mdollar.button.accept_button,Button4,helpCaptionMissing,0,IDS_undefined_string_sebi,legacy.strings.ids_undefined_string_sebi,symbol_only_from_strings_res_h,strings.res.h
data/defs/ui/packages/legacy_imgui/game/mcl_mdollar.fit,GuiText,game.mcl_mdollar.text.help_text,Text4,textMissing,0,IDS_undefined_string_sebi,legacy.strings.ids_undefined_string_sebi,symbol_only_from_strings_res_h,strings.res.h
data/defs/ui/packages/legacy_imgui/game/mcl_mechinfo.fit,GuiText,game.mcl_mechinfo.text.mech_info_name_header_above_mech_animation,Text0,textMissing,0,IDS_undefined_string_sebi,legacy.strings.ids_undefined_string_sebi,symbol_only_from_strings_res_h,strings.res.h
data/defs/ui/packages/legacy_imgui/game/mcl_mechinfo.fit,GuiText,game.mcl_mechinfo.text.variant_name_header_above_weapon_rect,Text1,textMissing,0,IDS_undefined_string_sebi,legacy.strings.ids_undefined_string_sebi,symbol_only_from_strings_res_h,strings.res.h
data/defs/ui/packages/legacy_imgui/game/mcl_mechinfo.fit,GuiText,game.mcl_mechinfo.text.for_mech_range,Text2,textMissing,0,IDS_undefined_string_sebi,legacy.strings.ids_undefined_string_sebi,symbol_only_from_strings_res_h,strings.res.h
data/defs/ui/packages/legacy_imgui/game/mcl_mechinfo.fit,GuiText,game.mcl_mechinfo.text.for_mech_weight,Text3,textMissing,0,IDS_undefined_string_sebi,legacy.strings.ids_undefined_string_sebi,symbol_only_from_strings_res_h,strings.res.h
data/defs/ui/packages/legacy_imgui/game/mcl_mechinfo.fit,GuiText,game.mcl_mechinfo.text.for_mech_armor,Text4,textMissing,0,IDS_undefined_string_sebi,legacy.strings.ids_undefined_string_sebi,symbol_only_from_strings_res_h,strings.res.h
data/defs/ui/packages/legacy_imgui/game/mcl_mechinfo.fit,GuiText,game.mcl_mechinfo.text.for_mech_speed,Text5,textMissing,0,IDS_undefined_string_sebi,legacy.strings.ids_undefined_string_sebi,symbol_only_from_strings_res_h,strings.res.h
data/defs/ui/packages/legacy_imgui/game/mcl_mechinfo.fit,GuiText,game.mcl_mechinfo.text.for_mech_jump_range,Text6,textMissing,0,IDS_undefined_string_sebi,legacy.strings.ids_undefined_string_sebi,symbol_only_from_strings_res_h,strings.res.h
data/defs/ui/packages/legacy_imgui/game/mcl_mechinfo.fit,GuiText,game.mcl_mechinfo.text.help_text,Text7,textMissing,0,IDS_undefined_string_sebi,legacy.strings.ids_undefined_string_sebi,symbol_only_from_strings_res_h,strings.res.h
data/defs/ui/packages/legacy_imgui/game/mcl_mm.fit,GuiButton,game.mcl_mm.button.start_new_campaign,Button0,helpCaptionMissing,0,IDS_undefined_string_sebi,legacy.strings.ids_undefined_string_sebi,symbol_only_from_strings_res_h,strings.res.h
data/defs/ui/packages/legacy_imgui/game/mcl_mm.fit,GuiButton,game.mcl_mm.button.load_game,Button1,helpCaptionMissing,0,IDS_undefined_string_sebi,legacy.strings.ids_undefined_string_sebi,symbol_only_from_strings_res_h,strings.res.h
data/defs/ui/packages/legacy_imgui/game/mcl_mm.fit,GuiButton,game.mcl_mm.button.save_game,Button2,helpCaptionMissing,0,IDS_undefined_string_sebi,legacy.strings.ids_undefined_string_sebi,symbol_only_from_strings_res_h,strings.res.h
data/defs/ui/packages/legacy_imgui/game/mcl_mm.fit,GuiButton,game.mcl_mm.button.multiplayer,Button3,helpCaptionMissing,0,IDS_undefined_string_sebi,legacy.strings.ids_undefined_string_sebi,symbol_only_from_strings_res_h,strings.res.h
data/defs/ui/packages/legacy_imgui/game/mcl_mm.fit,GuiButton,game.mcl_mm.button.return_to_game,Button4,helpCaptionMissing,0,IDS_undefined_string_sebi,legacy.strings.ids_undefined_string_sebi,symbol_only_from_strings_res_h,strings.res.h
data/defs/ui/packages/legacy_imgui/game/mcl_mm.fit,GuiButton,game.mcl_mm.button.options,Button5,helpCaptionMissing,0,IDS_undefined_string_sebi,legacy.strings.ids_undefined_string_sebi,symbol_only_from_strings_res_h,strings.res.h
data/defs/ui/packages/legacy_imgui/game/mcl_mm.fit,GuiButton,game.mcl_mm.button.encyclopedia,Button6,helpCaptionMissing,0,IDS_undefined_string_sebi,legacy.strings.ids_undefined_string_sebi,symbol_only_from_strings_res_h,strings.res.h
data/defs/ui/packages/legacy_imgui/game/mcl_mm.fit,GuiButton,game.mcl_mm.button.exit,Button7,helpCaptionMissing,0,IDS_undefined_string_sebi,legacy.strings.ids_undefined_string_sebi,symbol_only_from_strings_res_h,strings.res.h
data/defs/ui/packages/legacy_imgui/game/mcl_mm.fit,GuiButton,game.mcl_mm.button.skirmish,Button8,helpCaptionMissing,0,IDS_undefined_string_sebi,legacy.strings.ids_undefined_string_sebi,symbol_only_from_strings_res_h,strings.res.h
data/defs/ui/packages/legacy_imgui/game/mcl_mm.fit,GuiButton,game.mcl_mm.button.info_legalese_button,Button9,helpCaptionMissing,0,IDS_undefined_string_sebi,legacy.strings.ids_undefined_string_sebi,symbol_only_from_strings_res_h,strings.res.h
data/defs/ui/packages/legacy_imgui/game/mcl_mm.fit,GuiButton,game.mcl_mm.button.info_legalese_button,Button9,textMissing,0,IDS_undefined_string_sebi,legacy.strings.ids_undefined_string_sebi,symbol_only_from_strings_res_h,strings.res.h
data/defs/ui/packages/legacy_imgui/game/mcl_mn.fit,GuiButton,game.mcl_mn.button.back_button,Button4,helpCaptionMissing,0,IDS_undefined_string_sebi,legacy.strings.ids_undefined_string_sebi,symbol_only_from_strings_res_h,strings.res.h
data/defs/ui/packages/legacy_imgui/game/mcl_mn.fit,GuiButton,game.mcl_mn.button.next_button,Button5,helpCaptionMissing,0,IDS_undefined_string_sebi,legacy.strings.ids_undefined_string_sebi,symbol_only_from_strings_res_h,strings.res.h
data/defs/ui/packages/legacy_imgui/game/mcl_mn.fit,GuiText,game.mcl_mn.text.cbills_text,Text1,textMissing,0,IDS_undefined_string_sebi,legacy.strings.ids_undefined_string_sebi,symbol_only_from_strings_res_h,strings.res.h
data/defs/ui/packages/legacy_imgui/game/mcl_mn.fit,GuiText,game.mcl_mn.text.help_text,Text4,textMissing,0,IDS_undefined_string_sebi,legacy.strings.ids_undefined_string_sebi,symbol_only_from_strings_res_h,strings.res.h
data/defs/ui/packages/legacy_imgui/game/mcl_mp_addai.fit,GuiButton,game.mcl_mp_addai.button.cancel_button,Button0,helpCaptionMissing,0,IDS_undefined_string_sebi,legacy.strings.ids_undefined_string_sebi,symbol_only_from_strings_res_h,strings.res.h
data/defs/ui/packages/legacy_imgui/game/mcl_mp_addai.fit,GuiButton,game.mcl_mp_addai.button.accept_button,Button1,helpCaptionMissing,0,IDS_undefined_string_sebi,legacy.strings.ids_undefined_string_sebi,symbol_only_from_strings_res_h,strings.res.h
data/defs/ui/packages/legacy_imgui/game/mcl_mp_connectiontype.fit,GuiButton,game.mcl_mp_connectiontype.button.main_menu_button,Button0,helpCaptionMissing,0,IDS_undefined_string_sebi,legacy.strings.ids_undefined_string_sebi,symbol_only_from_strings_res_h,strings.res.h
data/defs/ui/packages/legacy_imgui/game/mcl_mp_connectiontype.fit,GuiButton,game.mcl_mp_connectiontype.button.internet_radio_button,Button1,helpCaptionMissing,0,IDS_undefined_string_sebi,legacy.strings.ids_undefined_string_sebi,symbol_only_from_strings_res_h,strings.res.h
data/defs/ui/packages/legacy_imgui/game/mcl_mp_connectiontype.fit,GuiButton,game.mcl_mp_connectiontype.button.lan_radio_button,Button2,helpCaptionMissing,0,IDS_undefined_string_sebi,legacy.strings.ids_undefined_string_sebi,symbol_only_from_strings_res_h,strings.res.h
data/defs/ui/packages/legacy_imgui/game/mcl_mp_connectiontype.fit,GuiButton,game.mcl_mp_connectiontype.button.direct_tcp_ip_radio_button,Button3,helpCaptionMissing,0,IDS_undefined_string_sebi,legacy.strings.ids_undefined_string_sebi,symbol_only_from_strings_res_h,strings.res.h
data/defs/ui/packages/legacy_imgui/game/mcl_mp_connectiontype.fit,GuiText,game.mcl_mp_connectiontype.text.help_text,Text2,textMissing,0,IDS_undefined_string_sebi,legacy.strings.ids_undefined_string_sebi,symbol_only_from_strings_res_h,strings.res.h
data/defs/ui/packages/legacy_imgui/game/mcl_mp_contype_lan.fit,GuiButton,game.mcl_mp_contype_lan.button.go_to_lan_browser_button,Button0,helpCaptionMissing,0,IDS_undefined_string_sebi,legacy.strings.ids_undefined_string_sebi,symbol_only_from_strings_res_h,strings.res.h
data/defs/ui/packages/legacy_imgui/game/mcl_mp_contype_lan.fit,GuiButton,game.mcl_mp_contype_lan.button.host_game_button,Button1,helpCaptionMissing,0,IDS_undefined_string_sebi,legacy.strings.ids_undefined_string_sebi,symbol_only_from_strings_res_h,strings.res.h
data/defs/ui/packages/legacy_imgui/game/mcl_mp_contype_tcpip.fit,GuiButton,game.mcl_mp_contype_tcpip.button.join_game_button,Button0,helpCaptionMissing,0,IDS_undefined_string_sebi,legacy.strings.ids_undefined_string_sebi,symbol_only_from_strings_res_h,strings.res.h
data/defs/ui/packages/legacy_imgui/game/mcl_mp_contype_tcpip.fit,GuiButton,game.mcl_mp_contype_tcpip.button.host_game_button,Button1,helpCaptionMissing,0,IDS_undefined_string_sebi,legacy.strings.ids_undefined_string_sebi,symbol_only_from_strings_res_h,strings.res.h
data/defs/ui/packages/legacy_imgui/game/mcl_mp_hostgame.fit,GuiButton,game.mcl_mp_hostgame.button.cancel_button,Button0,helpCaptionMissing,0,IDS_undefined_string_sebi,legacy.strings.ids_undefined_string_sebi,symbol_only_from_strings_res_h,strings.res.h
data/defs/ui/packages/legacy_imgui/game/mcl_mp_hostgame.fit,GuiButton,game.mcl_mp_hostgame.button.accept_button,Button1,helpCaptionMissing,0,IDS_undefined_string_sebi,legacy.strings.ids_undefined_string_sebi,symbol_only_from_strings_res_h,strings.res.h
data/defs/ui/packages/legacy_imgui/game/mcl_mp_hostgamedialog.fit,GuiButton,game.mcl_mp_hostgamedialog.button.cancel_button,Button0,helpCaptionMissing,0,IDS_undefined_string_sebi,legacy.strings.ids_undefined_string_sebi,symbol_only_from_strings_res_h,strings.res.h
data/defs/ui/packages/legacy_imgui/game/mcl_mp_hostgamedialog.fit,GuiButton,game.mcl_mp_hostgamedialog.button.save_button,Button1,helpCaptionMissing,0,IDS_undefined_string_sebi,legacy.strings.ids_undefined_string_sebi,symbol_only_from_strings_res_h,strings.res.h
data/defs/ui/packages/legacy_imgui/game/mcl_mp_lanbrowser.fit,GuiButton,game.mcl_mp_lanbrowser.button.join_game,Button1,helpCaptionMissing,0,IDS_undefined_string_sebi,legacy.strings.ids_undefined_string_sebi,symbol_only_from_strings_res_h,strings.res.h
data/defs/ui/packages/legacy_imgui/game/mcl_mp_lanbrowser.fit,GuiButton,game.mcl_mp_lanbrowser.button.host_game,Button2,helpCaptionMissing,0,IDS_undefined_string_sebi,legacy.strings.ids_undefined_string_sebi,symbol_only_from_strings_res_h,strings.res.h
data/defs/ui/packages/legacy_imgui/game/mcl_mp_lanbrowser.fit,GuiButton,game.mcl_mp_lanbrowser.button.back_button,Button3,helpCaptionMissing,0,IDS_undefined_string_sebi,legacy.strings.ids_undefined_string_sebi,symbol_only_from_strings_res_h,strings.res.h
data/defs/ui/packages/legacy_imgui/game/mcl_mp_lanbrowser.fit,GuiButton,game.mcl_mp_lanbrowser.button.sort_by_locked_game,Button4,helpCaptionMissing,0,IDS_undefined_string_sebi,legacy.strings.ids_undefined_string_sebi,symbol_only_from_strings_res_h,strings.res.h
data/defs/ui/packages/legacy_imgui/game/mcl_mp_lanbrowser.fit,GuiButton,game.mcl_mp_lanbrowser.button.sort_by_locked_game,Button4,helpDescMissing,0,IDS_undefined_string_sebi,legacy.strings.ids_undefined_string_sebi,symbol_only_from_strings_res_h,strings.res.h
data/defs/ui/packages/legacy_imgui/game/mcl_mp_lanbrowser.fit,GuiButton,game.mcl_mp_lanbrowser.button.sort_by_game_name,Button5,helpCaptionMissing,0,IDS_undefined_string_sebi,legacy.strings.ids_undefined_string_sebi,symbol_only_from_strings_res_h,strings.res.h
data/defs/ui/packages/legacy_imgui/game/mcl_mp_lanbrowser.fit,GuiButton,game.mcl_mp_lanbrowser.button.sort_by_game_name,Button5,helpDescMissing,0,IDS_undefined_string_sebi,legacy.strings.ids_undefined_string_sebi,symbol_only_from_strings_res_h,strings.res.h
data/defs/ui/packages/legacy_imgui/game/mcl_mp_lanbrowser.fit,GuiButton,game.mcl_mp_lanbrowser.button.sort_by_players,Button6,helpCaptionMissing,0,IDS_undefined_string_sebi,legacy.strings.ids_undefined_string_sebi,symbol_only_from_strings_res_h,strings.res.h
data/defs/ui/packages/legacy_imgui/game/mcl_mp_lanbrowser.fit,GuiButton,game.mcl_mp_lanbrowser.button.sort_by_players,Button6,helpDescMissing,0,IDS_undefined_string_sebi,legacy.strings.ids_undefined_string_sebi,symbol_only_from_strings_res_h,strings.res.h
data/defs/ui/packages/legacy_imgui/game/mcl_mp_lanbrowser.fit,GuiButton,game.mcl_mp_lanbrowser.button.sort_by_map_name,Button7,helpCaptionMissing,0,IDS_undefined_string_sebi,legacy.strings.ids_undefined_string_sebi,symbol_only_from_strings_res_h,strings.res.h
data/defs/ui/packages/legacy_imgui/game/mcl_mp_lanbrowser.fit,GuiButton,game.mcl_mp_lanbrowser.button.sort_by_map_name,Button7,helpDescMissing,0,IDS_undefined_string_sebi,legacy.strings.ids_undefined_string_sebi,symbol_only_from_strings_res_h,strings.res.h
data/defs/ui/packages/legacy_imgui/game/mcl_mp_lanbrowser.fit,GuiButton,game.mcl_mp_lanbrowser.button.sort_by_ping,Button8,helpCaptionMissing,0,IDS_undefined_string_sebi,legacy.strings.ids_undefined_string_sebi,symbol_only_from_strings_res_h,strings.res.h
data/defs/ui/packages/legacy_imgui/game/mcl_mp_lanbrowser.fit,GuiButton,game.mcl_mp_lanbrowser.button.sort_by_ping,Button8,helpDescMissing,0,IDS_undefined_string_sebi,legacy.strings.ids_undefined_string_sebi,symbol_only_from_strings_res_h,strings.res.h
data/defs/ui/packages/legacy_imgui/game/mcl_mp_loadmap.fit,GuiButton,game.mcl_mp_loadmap.button.cancel_button,Button0,helpCaptionMissing,0,IDS_undefined_string_sebi,legacy.strings.ids_undefined_string_sebi,symbol_only_from_strings_res_h,strings.res.h
data/defs/ui/packages/legacy_imgui/game/mcl_mp_loadmap.fit,GuiButton,game.mcl_mp_loadmap.button.accept_button,Button1,helpCaptionMissing,0,IDS_undefined_string_sebi,legacy.strings.ids_undefined_string_sebi,symbol_only_from_strings_res_h,strings.res.h
data/defs/ui/packages/legacy_imgui/game/mcl_mp_loadmap.fit,GuiText,game.mcl_mp_loadmap.text.help_text,Text6,textMissing,0,IDS_undefined_string_sebi,legacy.strings.ids_undefined_string_sebi,symbol_only_from_strings_res_h,strings.res.h
data/defs/ui/packages/legacy_imgui/game/mcl_mp_mapinfo.fit,GuiButton,game.mcl_mp_mapinfo.button.close_button,Button0,helpCaptionMissing,0,IDS_undefined_string_sebi,legacy.strings.ids_undefined_string_sebi,symbol_only_from_strings_res_h,strings.res.h
data/defs/ui/packages/legacy_imgui/game/mcl_mp_modem.fit,GuiButton,game.mcl_mp_modem.button.back_button,Button3,helpCaptionMissing,0,IDS_undefined_string_sebi,legacy.strings.ids_undefined_string_sebi,symbol_only_from_strings_res_h,strings.res.h
data/defs/ui/packages/legacy_imgui/game/mcl_mp_param.fit,GuiButton,game.mcl_mp_param.button.load_map_button,Button1,helpCaptionMissing,0,IDS_undefined_string_sebi,legacy.strings.ids_undefined_string_sebi,symbol_only_from_strings_res_h,strings.res.h
data/defs/ui/packages/legacy_imgui/game/mcl_mp_param.fit,GuiButton,game.mcl_mp_param.button.map_info_button,Button2,helpCaptionMissing,0,IDS_undefined_string_sebi,legacy.strings.ids_undefined_string_sebi,symbol_only_from_strings_res_h,strings.res.h
data/defs/ui/packages/legacy_imgui/game/mcl_mp_param.fit,GuiButton,game.mcl_mp_param.button.back_button,Button23,helpCaptionMissing,0,IDS_undefined_string_sebi,legacy.strings.ids_undefined_string_sebi,symbol_only_from_strings_res_h,strings.res.h
data/defs/ui/packages/legacy_imgui/game/mcl_mp_param.fit,GuiRect,game.mcl_mp_param.rect.deco_rect_near_big_buttons_1_left,Rect41,helpDescMissing,0,IDS_undefined_string_sebi,legacy.strings.ids_undefined_string_sebi,symbol_only_from_strings_res_h,strings.res.h
data/defs/ui/packages/legacy_imgui/game/mcl_mp_param.fit,GuiRect,game.mcl_mp_param.rect.deco_rect_near_big_buttons_3_middle,Rect43,helpDescMissing,0,IDS_undefined_string_sebi,legacy.strings.ids_undefined_string_sebi,symbol_only_from_strings_res_h,strings.res.h
data/defs/ui/packages/legacy_imgui/game/mcl_mp_param.fit,GuiRect,game.mcl_mp_param.rect.deco_rect_near_big_buttons_4_under_cut_button_01,Rect45,helpDescMissing,0,IDS_undefined_string_sebi,legacy.strings.ids_undefined_string_sebi,symbol_only_from_strings_res_h,strings.res.h
data/defs/ui/packages/legacy_imgui/game/mcl_mp_paramplay.fit,GuiButton,game.mcl_mp_paramplay.button.back_button,Button15,helpCaptionMissing,0,IDS_undefined_string_sebi,legacy.strings.ids_undefined_string_sebi,symbol_only_from_strings_res_h,strings.res.h
data/defs/ui/packages/legacy_imgui/game/mcl_mp_playerprefs.fit,GuiButton,game.mcl_mp_playerprefs.button.main_menu,Button0,helpCaptionMissing,0,IDS_undefined_string_sebi,legacy.strings.ids_undefined_string_sebi,symbol_only_from_strings_res_h,strings.res.h
data/defs/ui/packages/legacy_imgui/game/mcl_mp_playerprefs.fit,GuiButton,game.mcl_mp_playerprefs.button.base_color_tab,Button1,helpCaptionMissing,0,IDS_undefined_string_sebi,legacy.strings.ids_undefined_string_sebi,symbol_only_from_strings_res_h,strings.res.h
data/defs/ui/packages/legacy_imgui/game/mcl_mp_playerprefs.fit,GuiButton,game.mcl_mp_playerprefs.button.stripe_color_tab,Button2,helpCaptionMissing,0,IDS_undefined_string_sebi,legacy.strings.ids_undefined_string_sebi,symbol_only_from_strings_res_h,strings.res.h
data/defs/ui/packages/legacy_imgui/game/mcl_mp_playerprefs.fit,GuiButton,game.mcl_mp_playerprefs.button.cancel_button,Button5,helpCaptionMissing,0,IDS_undefined_string_sebi,legacy.strings.ids_undefined_string_sebi,symbol_only_from_strings_res_h,strings.res.h
data/defs/ui/packages/legacy_imgui/game/mcl_mp_playerprefs.fit,GuiButton,game.mcl_mp_playerprefs.button.accept_button,Button3,helpCaptionMissing,0,IDS_undefined_string_sebi,legacy.strings.ids_undefined_string_sebi,symbol_only_from_strings_res_h,strings.res.h
data/defs/ui/packages/legacy_imgui/game/mcl_mp_playerprefs.fit,GuiText,game.mcl_mp_playerprefs.text.help_text,Text0,textMissing,0,IDS_undefined_string_sebi,legacy.strings.ids_undefined_string_sebi,symbol_only_from_strings_res_h,strings.res.h
data/defs/ui/packages/legacy_imgui/game/mcl_mp_playerprefs.fit,GuiText,game.mcl_mp_playerprefs.text.player_name_header,Text2,helpDescMissing,0,IDS_undefined_string_sebi,legacy.strings.ids_undefined_string_sebi,symbol_only_from_strings_res_h,strings.res.h
data/defs/ui/packages/legacy_imgui/game/mcl_mp_playerprefs.fit,GuiText,game.mcl_mp_playerprefs.text.unit_name_header,Text3,helpDescMissing,0,IDS_undefined_string_sebi,legacy.strings.ids_undefined_string_sebi,symbol_only_from_strings_res_h,strings.res.h
data/defs/ui/packages/legacy_imgui/game/mcl_mp_playerprefs.fit,GuiText,game.mcl_mp_playerprefs.text.unit_insignia_header,Text4,helpDescMissing,0,IDS_undefined_string_sebi,legacy.strings.ids_undefined_string_sebi,symbol_only_from_strings_res_h,strings.res.h
data/defs/ui/packages/legacy_imgui/game/mcl_mp_playerprefs.fit,GuiText,game.mcl_mp_playerprefs.text.player_colors_header,Text5,helpDescMissing,0,IDS_undefined_string_sebi,legacy.strings.ids_undefined_string_sebi,symbol_only_from_strings_res_h,strings.res.h
data/defs/ui/packages/legacy_imgui/game/mcl_mp_setup_combobox0.fit,GuiButton,game.mcl_mp_setup_combobox0.button.down_triangle,ExpandButton,helpCaptionMissing,0,IDS_undefined_string_sebi,legacy.strings.ids_undefined_string_sebi,symbol_only_from_strings_res_h,strings.res.h
data/defs/ui/packages/legacy_imgui/game/mcl_mp_setup_combobox0.fit,GuiButton,game.mcl_mp_setup_combobox0.button.down_triangle,ExpandButton,helpDescMissing,0,IDS_undefined_string_sebi,legacy.strings.ids_undefined_string_sebi,symbol_only_from_strings_res_h,strings.res.h
data/defs/ui/packages/legacy_imgui/game/mcl_mp_setup_combobox0.fit,GuiButton,game.mcl_mp_setup_combobox0.button.down_triangle,ExpandButton,textMissing,0,IDS_undefined_string_sebi,legacy.strings.ids_undefined_string_sebi,symbol_only_from_strings_res_h,strings.res.h
data/defs/ui/packages/legacy_imgui/game/mcl_mp_setup_combobox1.fit,GuiButton,game.mcl_mp_setup_combobox1.button.down_triangle,ExpandButton,helpCaptionMissing,0,IDS_undefined_string_sebi,legacy.strings.ids_undefined_string_sebi,symbol_only_from_strings_res_h,strings.res.h
data/defs/ui/packages/legacy_imgui/game/mcl_mp_setup_combobox1.fit,GuiButton,game.mcl_mp_setup_combobox1.button.down_triangle,ExpandButton,helpDescMissing,0,IDS_undefined_string_sebi,legacy.strings.ids_undefined_string_sebi,symbol_only_from_strings_res_h,strings.res.h
data/defs/ui/packages/legacy_imgui/game/mcl_mp_setup_combobox1.fit,GuiButton,game.mcl_mp_setup_combobox1.button.down_triangle,ExpandButton,textMissing,0,IDS_undefined_string_sebi,legacy.strings.ids_undefined_string_sebi,symbol_only_from_strings_res_h,strings.res.h
data/defs/ui/packages/legacy_imgui/game/mcl_mp_setup_droplist0.fit,GuiButton,game.mcl_mp_setup_droplist0.button.down_triangle,ExpandButton,helpCaptionMissing,0,IDS_undefined_string_sebi,legacy.strings.ids_undefined_string_sebi,symbol_only_from_strings_res_h,strings.res.h
data/defs/ui/packages/legacy_imgui/game/mcl_mp_setup_droplist0.fit,GuiButton,game.mcl_mp_setup_droplist0.button.down_triangle,ExpandButton,helpDescMissing,0,IDS_undefined_string_sebi,legacy.strings.ids_undefined_string_sebi,symbol_only_from_strings_res_h,strings.res.h
data/defs/ui/packages/legacy_imgui/game/mcl_mp_setup_droplist0.fit,GuiButton,game.mcl_mp_setup_droplist0.button.down_triangle,ExpandButton,textMissing,0,IDS_undefined_string_sebi,legacy.strings.ids_undefined_string_sebi,symbol_only_from_strings_res_h,strings.res.h
data/defs/ui/packages/legacy_imgui/game/mcl_mp_setuplayout.fit,GuiButton,game.mcl_mp_setuplayout.button.done_button_in_lower_right_corner,Button0,helpCaptionMissing,0,IDS_undefined_string_sebi,legacy.strings.ids_undefined_string_sebi,symbol_only_from_strings_res_h,strings.res.h
data/defs/ui/packages/legacy_imgui/game/mcl_mp_setuplayout.fit,GuiButton,game.mcl_mp_setuplayout.button.done_button_in_lower_right_corner,Button0,helpDescMissing,0,IDS_undefined_string_sebi,legacy.strings.ids_undefined_string_sebi,symbol_only_from_strings_res_h,strings.res.h
data/defs/ui/packages/legacy_imgui/game/mcl_mp_setuplayout.fit,GuiButton,game.mcl_mp_setuplayout.button.main_menubutton_in_upper_right_hand_corner,Button1,helpCaptionMissing,0,IDS_undefined_string_sebi,legacy.strings.ids_undefined_string_sebi,symbol_only_from_strings_res_h,strings.res.h
data/defs/ui/packages/legacy_imgui/game/mcl_mp_setuplayout.fit,GuiButton,game.mcl_mp_setuplayout.button.main_menubutton_in_upper_right_hand_corner,Button1,helpDescMissing,0,IDS_undefined_string_sebi,legacy.strings.ids_undefined_string_sebi,symbol_only_from_strings_res_h,strings.res.h
data/defs/ui/packages/legacy_imgui/game/mcl_mp_setuplayout.fit,GuiButton,game.mcl_mp_setuplayout.button.radio_button_for_internet_zone,Button2,helpCaptionMissing,0,IDS_undefined_string_sebi,legacy.strings.ids_undefined_string_sebi,symbol_only_from_strings_res_h,strings.res.h
data/defs/ui/packages/legacy_imgui/game/mcl_mp_setuplayout.fit,GuiButton,game.mcl_mp_setuplayout.button.radio_button_for_internet_zone,Button2,helpDescMissing,0,IDS_undefined_string_sebi,legacy.strings.ids_undefined_string_sebi,symbol_only_from_strings_res_h,strings.res.h
data/defs/ui/packages/legacy_imgui/game/mcl_mp_setuplayout.fit,GuiButton,game.mcl_mp_setuplayout.button.radio_button_for_internet_zone,Button2,textMissing,0,IDS_undefined_string_sebi,legacy.strings.ids_undefined_string_sebi,symbol_only_from_strings_res_h,strings.res.h
data/defs/ui/packages/legacy_imgui/game/mcl_mp_setuplayout.fit,GuiButton,game.mcl_mp_setuplayout.button.radio_button_for_lan,Button3,helpCaptionMissing,0,IDS_undefined_string_sebi,legacy.strings.ids_undefined_string_sebi,symbol_only_from_strings_res_h,strings.res.h
data/defs/ui/packages/legacy_imgui/game/mcl_mp_setuplayout.fit,GuiButton,game.mcl_mp_setuplayout.button.radio_button_for_lan,Button3,helpDescMissing,0,IDS_undefined_string_sebi,legacy.strings.ids_undefined_string_sebi,symbol_only_from_strings_res_h,strings.res.h
data/defs/ui/packages/legacy_imgui/game/mcl_mp_setuplayout.fit,GuiButton,game.mcl_mp_setuplayout.button.radio_button_for_lan,Button3,textMissing,0,IDS_undefined_string_sebi,legacy.strings.ids_undefined_string_sebi,symbol_only_from_strings_res_h,strings.res.h
data/defs/ui/packages/legacy_imgui/game/mcl_mp_setuplayout.fit,GuiButton,game.mcl_mp_setuplayout.button.radio_button_for_direct_tcp_ip,Button4,helpCaptionMissing,0,IDS_undefined_string_sebi,legacy.strings.ids_undefined_string_sebi,symbol_only_from_strings_res_h,strings.res.h
data/defs/ui/packages/legacy_imgui/game/mcl_mp_setuplayout.fit,GuiButton,game.mcl_mp_setuplayout.button.radio_button_for_direct_tcp_ip,Button4,helpDescMissing,0,IDS_undefined_string_sebi,legacy.strings.ids_undefined_string_sebi,symbol_only_from_strings_res_h,strings.res.h
data/defs/ui/packages/legacy_imgui/game/mcl_mp_setuplayout.fit,GuiButton,game.mcl_mp_setuplayout.button.radio_button_for_direct_tcp_ip,Button4,textMissing,0,IDS_undefined_string_sebi,legacy.strings.ids_undefined_string_sebi,symbol_only_from_strings_res_h,strings.res.h
data/defs/ui/packages/legacy_imgui/game/mcl_mp_setuplayout.fit,GuiButton,game.mcl_mp_setuplayout.button.radio_button_for_modem_to_modem,Button5,helpCaptionMissing,0,IDS_undefined_string_sebi,legacy.strings.ids_undefined_string_sebi,symbol_only_from_strings_res_h,strings.res.h
data/defs/ui/packages/legacy_imgui/game/mcl_mp_setuplayout.fit,GuiButton,game.mcl_mp_setuplayout.button.radio_button_for_modem_to_modem,Button5,helpDescMissing,0,IDS_undefined_string_sebi,legacy.strings.ids_undefined_string_sebi,symbol_only_from_strings_res_h,strings.res.h
data/defs/ui/packages/legacy_imgui/game/mcl_mp_setuplayout.fit,GuiButton,game.mcl_mp_setuplayout.button.radio_button_for_modem_to_modem,Button5,textMissing,0,IDS_undefined_string_sebi,legacy.strings.ids_undefined_string_sebi,symbol_only_from_strings_res_h,strings.res.h
data/defs/ui/packages/legacy_imgui/game/mcl_mp_setuplayout.fit,GuiButton,game.mcl_mp_setuplayout.button.button,Tab0Button,helpCaptionMissing,0,IDS_undefined_string_sebi,legacy.strings.ids_undefined_string_sebi,symbol_only_from_strings_res_h,strings.res.h
data/defs/ui/packages/legacy_imgui/game/mcl_mp_setuplayout.fit,GuiButton,game.mcl_mp_setuplayout.button.button,Tab0Button,helpDescMissing,0,IDS_undefined_string_sebi,legacy.strings.ids_undefined_string_sebi,symbol_only_from_strings_res_h,strings.res.h
data/defs/ui/packages/legacy_imgui/game/mcl_mp_setuplayout.fit,GuiButton,game.mcl_mp_setuplayout.button.button_01,Tab1Button,helpCaptionMissing,0,IDS_undefined_string_sebi,legacy.strings.ids_undefined_string_sebi,symbol_only_from_strings_res_h,strings.res.h
data/defs/ui/packages/legacy_imgui/game/mcl_mp_setuplayout.fit,GuiButton,game.mcl_mp_setuplayout.button.button_01,Tab1Button,helpDescMissing,0,IDS_undefined_string_sebi,legacy.strings.ids_undefined_string_sebi,symbol_only_from_strings_res_h,strings.res.h
data/defs/ui/packages/legacy_imgui/game/mcl_mp_setuplayout.fit,GuiImage,game.mcl_mp_setuplayout.image.mcui_scroll,GradientSlider,helpCaptionMissing,0,IDS_undefined_string_sebi,legacy.strings.ids_undefined_string_sebi,symbol_only_from_strings_res_h,strings.res.h
data/defs/ui/packages/legacy_imgui/game/mcl_mp_setuplayout.fit,GuiImage,game.mcl_mp_setuplayout.image.mcui_scroll,GradientSlider,helpDescMissing,0,IDS_undefined_string_sebi,legacy.strings.ids_undefined_string_sebi,symbol_only_from_strings_res_h,strings.res.h
data/defs/ui/packages/legacy_imgui/game/mcl_mp_setuplayout.fit,GuiImage,game.mcl_mp_setuplayout.image.circle_cursor_inside,HueCirclePicker,helpCaptionMissing,0,IDS_undefined_string_sebi,legacy.strings.ids_undefined_string_sebi,symbol_only_from_strings_res_h,strings.res.h
data/defs/ui/packages/legacy_imgui/game/mcl_mp_setuplayout.fit,GuiImage,game.mcl_mp_setuplayout.image.circle_cursor_inside,HueCirclePicker,helpDescMissing,0,IDS_undefined_string_sebi,legacy.strings.ids_undefined_string_sebi,symbol_only_from_strings_res_h,strings.res.h
data/defs/ui/packages/legacy_imgui/game/mcl_mp_stats.fit,GuiButton,game.mcl_mp_stats.button.close_button,Button0,helpCaptionMissing,0,IDS_undefined_string_sebi,legacy.strings.ids_undefined_string_sebi,symbol_only_from_strings_res_h,strings.res.h
data/defs/ui/packages/legacy_imgui/game/mcl_mp_tcpip.fit,GuiButton,game.mcl_mp_tcpip.button.back_button,Button3,helpCaptionMissing,0,IDS_undefined_string_sebi,legacy.strings.ids_undefined_string_sebi,symbol_only_from_strings_res_h,strings.res.h
data/defs/ui/packages/legacy_imgui/game/mcl_options.fit,GuiButton,game.mcl_options.button.graphics_tab,Button0,helpCaptionMissing,0,IDS_undefined_string_sebi,legacy.strings.ids_undefined_string_sebi,symbol_only_from_strings_res_h,strings.res.h
data/defs/ui/packages/legacy_imgui/game/mcl_options.fit,GuiButton,game.mcl_options.button.audio_tab,Button1,helpCaptionMissing,0,IDS_undefined_string_sebi,legacy.strings.ids_undefined_string_sebi,symbol_only_from_strings_res_h,strings.res.h
data/defs/ui/packages/legacy_imgui/game/mcl_options.fit,GuiButton,game.mcl_options.button.gameplay_tab,Button2,helpCaptionMissing,0,IDS_undefined_string_sebi,legacy.strings.ids_undefined_string_sebi,symbol_only_from_strings_res_h,strings.res.h
data/defs/ui/packages/legacy_imgui/game/mcl_options.fit,GuiButton,game.mcl_options.button.hotkey_tab,Button3,helpCaptionMissing,0,IDS_undefined_string_sebi,legacy.strings.ids_undefined_string_sebi,symbol_only_from_strings_res_h,strings.res.h
data/defs/ui/packages/legacy_imgui/game/mcl_optionsgameplay.fit,GuiButton,game.mcl_optionsgameplay.button.base_color_tab,Button6,helpCaptionMissing,0,IDS_undefined_string_sebi,legacy.strings.ids_undefined_string_sebi,symbol_only_from_strings_res_h,strings.res.h
data/defs/ui/packages/legacy_imgui/game/mcl_optionsgameplay.fit,GuiButton,game.mcl_optionsgameplay.button.accent_color_tab,Button7,helpCaptionMissing,0,IDS_undefined_string_sebi,legacy.strings.ids_undefined_string_sebi,symbol_only_from_strings_res_h,strings.res.h
data/defs/ui/packages/legacy_imgui/game/mcl_pr_availablepilotentry.fit,GuiText,game.mcl_pr_availablepilotentry.text.text,Text0,runtimeTextPreviewMissing,,,,,
data/defs/ui/packages/legacy_imgui/game/mcl_pr_availablepilotentry.fit,GuiText,game.mcl_pr_availablepilotentry.text.text_01,Text1,runtimeTextPreviewMissing,,,,,
data/defs/ui/packages/legacy_imgui/game/mcl_pr_layout.fit,GuiRect,game.mcl_pr_layout.rect.pilot_specialty,PilotReadyRect7,helpDescMissing,0,IDS_undefined_string_sebi,legacy.strings.ids_undefined_string_sebi,symbol_only_from_strings_res_h,strings.res.h
data/defs/ui/packages/legacy_imgui/game/mcl_pr_layout.fit,GuiText,game.mcl_pr_layout.text.pilot_info_rank,PilotReadyTextEntry4,textMissing,0,IDS_undefined_string_sebi,legacy.strings.ids_undefined_string_sebi,symbol_only_from_strings_res_h,strings.res.h
data/defs/ui/packages/legacy_imgui/game/mcl_pr_layout.fit,GuiText,game.mcl_pr_layout.text.pilot_info_targeting_number,PilotReadyTextEntry5,textMissing,0,IDS_undefined_string_sebi,legacy.strings.ids_undefined_string_sebi,symbol_only_from_strings_res_h,strings.res.h
data/defs/ui/packages/legacy_imgui/game/mcl_pr_layout.fit,GuiText,game.mcl_pr_layout.text.pilot_info_piloting_number,PilotReadyTextEntry6,textMissing,0,IDS_undefined_string_sebi,legacy.strings.ids_undefined_string_sebi,symbol_only_from_strings_res_h,strings.res.h
data/defs/ui/packages/legacy_imgui/game/mcl_pr_layout.fit,GuiText,game.mcl_pr_layout.text.pilot_info_kills_number,PilotReadyTextEntry7,textMissing,0,IDS_undefined_string_sebi,legacy.strings.ids_undefined_string_sebi,symbol_only_from_strings_res_h,strings.res.h
data/defs/ui/packages/legacy_imgui/game/mcl_pr_layout.fit,GuiText,game.mcl_pr_layout.text.pilot_name_header,PilotReadyTextEntry8,textMissing,0,IDS_undefined_string_sebi,legacy.strings.ids_undefined_string_sebi,symbol_only_from_strings_res_h,strings.res.h
data/defs/ui/packages/legacy_imgui/game/mcl_pr_layout.fit,GuiText,game.mcl_pr_layout.text.special_skill_1,PilotReadyTextEntry9,textMissing,0,IDS_undefined_string_sebi,legacy.strings.ids_undefined_string_sebi,symbol_only_from_strings_res_h,strings.res.h
data/defs/ui/packages/legacy_imgui/game/mcl_pr_layout.fit,GuiText,game.mcl_pr_layout.text.special_skill_2,PilotReadyTextEntry10,textMissing,0,IDS_undefined_string_sebi,legacy.strings.ids_undefined_string_sebi,symbol_only_from_strings_res_h,strings.res.h
data/defs/ui/packages/legacy_imgui/game/mcl_pr_layout.fit,GuiText,game.mcl_pr_layout.text.special_skill_3,PilotReadyTextEntry11,textMissing,0,IDS_undefined_string_sebi,legacy.strings.ids_undefined_string_sebi,symbol_only_from_strings_res_h,strings.res.h
data/defs/ui/packages/legacy_imgui/game/mcl_pr_layout.fit,GuiText,game.mcl_pr_layout.text.special_skill_4,PilotReadyTextEntry12,textMissing,0,IDS_undefined_string_sebi,legacy.strings.ids_undefined_string_sebi,symbol_only_from_strings_res_h,strings.res.h
data/defs/ui/packages/legacy_imgui/game/mcl_pr_layout.fit,GuiText,game.mcl_pr_layout.text.help_text,PilotReadyTextEntry13,textMissing,0,IDS_undefined_string_sebi,legacy.strings.ids_undefined_string_sebi,symbol_only_from_strings_res_h,strings.res.h
data/defs/ui/packages/legacy_imgui/game/mcl_sm.fit,GuiButton,game.mcl_sm.button.delete_button,Button0,helpCaptionMissing,0,IDS_undefined_string_sebi,legacy.strings.ids_undefined_string_sebi,symbol_only_from_strings_res_h,strings.res.h
data/defs/ui/packages/legacy_imgui/game/mcl_sm.fit,GuiButton,game.mcl_sm.button.delete_button,Button0,helpDescMissing,0,IDS_undefined_string_sebi,legacy.strings.ids_undefined_string_sebi,symbol_only_from_strings_res_h,strings.res.h
data/defs/ui/packages/legacy_imgui/game/mcl_sm.fit,GuiButton,game.mcl_sm.button.cancel_button,Button1,helpCaptionMissing,0,IDS_undefined_string_sebi,legacy.strings.ids_undefined_string_sebi,symbol_only_from_strings_res_h,strings.res.h
data/defs/ui/packages/legacy_imgui/game/mcl_sm.fit,GuiButton,game.mcl_sm.button.save_button_this_should_say_load_for_load_mission_dialog,Button2,helpCaptionMissing,0,IDS_undefined_string_sebi,legacy.strings.ids_undefined_string_sebi,symbol_only_from_strings_res_h,strings.res.h
data/defs/ui/packages/legacy_imgui/game/mcl_sm.fit,GuiText,game.mcl_sm.text.info_for_saved_game_goes_in_here,Text2,textMissing,0,IDS_undefined_string_sebi,legacy.strings.ids_undefined_string_sebi,symbol_only_from_strings_res_h,strings.res.h
data/defs/ui/packages/legacy_imgui/game/mcl_sv.fit,GuiButton,game.mcl_sv.button.delete_button,Button0,helpCaptionMissing,0,IDS_undefined_string_sebi,legacy.strings.ids_undefined_string_sebi,symbol_only_from_strings_res_h,strings.res.h
data/defs/ui/packages/legacy_imgui/game/mcl_sv.fit,GuiButton,game.mcl_sv.button.delete_button,Button0,helpDescMissing,0,IDS_undefined_string_sebi,legacy.strings.ids_undefined_string_sebi,symbol_only_from_strings_res_h,strings.res.h
data/defs/ui/packages/legacy_imgui/game/mcl_sv.fit,GuiButton,game.mcl_sv.button.cancel_button,Button1,helpCaptionMissing,0,IDS_undefined_string_sebi,legacy.strings.ids_undefined_string_sebi,symbol_only_from_strings_res_h,strings.res.h
data/defs/ui/packages/legacy_imgui/game/mcl_sv.fit,GuiButton,game.mcl_sv.button.save_button,Button2,helpCaptionMissing,0,IDS_undefined_string_sebi,legacy.strings.ids_undefined_string_sebi,symbol_only_from_strings_res_h,strings.res.h
data/defs/ui/packages/legacy_imgui/game/mcl_sv_acceptchanges.fit,GuiButton,game.mcl_sv_acceptchanges.button.cancel_button,Button0,helpCaptionMissing,0,IDS_undefined_string_sebi,legacy.strings.ids_undefined_string_sebi,symbol_only_from_strings_res_h,strings.res.h
data/defs/ui/packages/legacy_imgui/game/mcl_sv_acceptchanges.fit,GuiButton,game.mcl_sv_acceptchanges.button.accept_button,Button1,helpCaptionMissing,0,IDS_undefined_string_sebi,legacy.strings.ids_undefined_string_sebi,symbol_only_from_strings_res_h,strings.res.h
data/defs/ui/packages/legacy_imgui/game/mcui_keyref_1024.fit,GuiButton,game.mcui_keyref_1024.button.close_keyref_close_reference,Button0,helpCaptionMissing,0,IDS_undefined_string_sebi,legacy.strings.ids_undefined_string_sebi,symbol_only_from_strings_res_h,strings.res.h
data/defs/ui/packages/legacy_imgui/game/mcui_keyref_1280.fit,GuiButton,game.mcui_keyref_1280.button.close_keyref_close_reference,Button0,helpCaptionMissing,0,IDS_undefined_string_sebi,legacy.strings.ids_undefined_string_sebi,symbol_only_from_strings_res_h,strings.res.h
data/defs/ui/packages/legacy_imgui/game/mcui_keyref_1600.fit,GuiButton,game.mcui_keyref_1600.button.close_keyref_close_reference,Button0,helpCaptionMissing,0,IDS_undefined_string_sebi,legacy.strings.ids_undefined_string_sebi,symbol_only_from_strings_res_h,strings.res.h
data/defs/ui/packages/legacy_imgui/game/mcui_keyref_640.fit,GuiButton,game.mcui_keyref_640.button.close_keyref_close_reference,Button0,helpCaptionMissing,0,IDS_undefined_string_sebi,legacy.strings.ids_undefined_string_sebi,symbol_only_from_strings_res_h,strings.res.h
data/defs/ui/packages/legacy_imgui/game/mcui_keyref_800.fit,GuiButton,game.mcui_keyref_800.button.close_keyref_close_reference,Button0,helpCaptionMissing,0,IDS_undefined_string_sebi,legacy.strings.ids_undefined_string_sebi,symbol_only_from_strings_res_h,strings.res.h
data/defs/ui/packages/legacy_imgui/game/mcui_mr_layout.fit,GuiRect,game.mcui_mr_layout.rect.mech_loadout,SalvageAreaRect21,helpDescMissing,45061,IDS_SALVAGE_LOADOUT_HELP,legacy.strings.ids_salvage_loadout_help,symbol_only_from_strings_res_h,strings.res.h
data/defs/ui/packages/legacy_imgui/game/mcui_mr_layout.fit,GuiText,game.mcui_mr_layout.text.help_text,SalvageAreaText2,textMissing,0,IDS_undefined_string_sebi,legacy.strings.ids_undefined_string_sebi,symbol_only_from_strings_res_h,strings.res.h
data/defs/ui/packages/legacy_imgui/game/mcui_mr_layout.fit,GuiText,game.mcui_mr_layout.text.mech_name,SalvageAreaMechText0,textMissing,0,IDS_undefined_string_sebi,legacy.strings.ids_undefined_string_sebi,symbol_only_from_strings_res_h,strings.res.h
data/defs/ui/packages/legacy_imgui/game/mcui_mr_layout.fit,GuiText,game.mcui_mr_layout.text.weight_number,SalvageAreaMechText2,textMissing,0,IDS_undefined_string_sebi,legacy.strings.ids_undefined_string_sebi,symbol_only_from_strings_res_h,strings.res.h
data/defs/ui/packages/legacy_imgui/game/mcui_mr_layout.fit,GuiText,game.mcui_mr_layout.text.armor_number,SalvageAreaMechText3,textMissing,0,IDS_undefined_string_sebi,legacy.strings.ids_undefined_string_sebi,symbol_only_from_strings_res_h,strings.res.h
data/defs/ui/packages/legacy_imgui/game/mcui_mr_layout.fit,GuiText,game.mcui_mr_layout.text.speed_number,SalvageAreaMechText4,textMissing,0,IDS_undefined_string_sebi,legacy.strings.ids_undefined_string_sebi,symbol_only_from_strings_res_h,strings.res.h
data/defs/ui/packages/legacy_imgui/game/mcui_mr_layout.fit,GuiText,game.mcui_mr_layout.text.jump_distance_number,SalvageAreaMechText5,textMissing,0,IDS_undefined_string_sebi,legacy.strings.ids_undefined_string_sebi,symbol_only_from_strings_res_h,strings.res.h
data/defs/ui/packages/legacy_imgui/game/mcui_mr_layout.fit,GuiText,game.mcui_mr_layout.text.range_short_med_or_long,SalvageAreaMechText6,textMissing,0,IDS_undefined_string_sebi,legacy.strings.ids_undefined_string_sebi,symbol_only_from_strings_res_h,strings.res.h
data/defs/ui/packages/legacy_imgui/game/mcui_mr_layout.fit,GuiButton,game.mcui_mr_layout.button.this_is_the_radio_button_for_the_skill_entries,PromoteGadgetRightRadioButton,helpCaptionMissing,0,IDS_undefined_string_sebi,legacy.strings.ids_undefined_string_sebi,symbol_only_from_strings_res_h,strings.res.h
data/defs/ui/packages/legacy_imgui/game/mcui_mr_layout.fit,GuiButton,game.mcui_mr_layout.button.this_is_the_radio_button_for_the_skill_entries,PromoteGadgetRightRadioButton,helpDescMissing,0,IDS_undefined_string_sebi,legacy.strings.ids_undefined_string_sebi,symbol_only_from_strings_res_h,strings.res.h
data/defs/ui/packages/legacy_imgui/game/mcui_mr_layout.fit,GuiRect,game.mcui_mr_layout.rect.rect_05,PromoteGadgetRightSkillEntryBox,helpCaptionMissing,0,IDS_undefined_string_sebi,legacy.strings.ids_undefined_string_sebi,symbol_only_from_strings_res_h,strings.res.h
data/defs/ui/packages/legacy_imgui/game/mcui_mr_layout.fit,GuiRect,game.mcui_mr_layout.rect.rect_05,PromoteGadgetRightSkillEntryBox,helpDescMissing,0,IDS_undefined_string_sebi,legacy.strings.ids_undefined_string_sebi,symbol_only_from_strings_res_h,strings.res.h
data/defs/ui/packages/legacy_imgui/game/mcui_mr_salvageareaentrybox.fit,GuiText,game.mcui_mr_salvageareaentrybox.text.mechnametext,Text0,textMissing,0,IDS_undefined_string_sebi,legacy.strings.ids_undefined_string_sebi,symbol_only_from_strings_res_h,strings.res.h
data/defs/ui/packages/legacy_imgui/game/mcui_mr_salvageareaentrybox.fit,GuiText,game.mcui_mr_salvageareaentrybox.text.variantnametext,Text1,textMissing,0,IDS_undefined_string_sebi,legacy.strings.ids_undefined_string_sebi,symbol_only_from_strings_res_h,strings.res.h
data/defs/ui/packages/legacy_imgui/game/mcui_mr_salvageareaentrybox.fit,GuiText,game.mcui_mr_salvageareaentrybox.text.weighttext,Text2,textMissing,0,IDS_undefined_string_sebi,legacy.strings.ids_undefined_string_sebi,symbol_only_from_strings_res_h,strings.res.h
data/defs/ui/packages/legacy_imgui/game/mcui_mr_salvageareaentrybox.fit,GuiText,game.mcui_mr_salvageareaentrybox.text.cbillstext,Text3,textMissing,0,IDS_undefined_string_sebi,legacy.strings.ids_undefined_string_sebi,symbol_only_from_strings_res_h,strings.res.h
data/defs/ui/packages/legacy_imgui/game/mcui_mr_specialtyskillsentrybox.fit,GuiText,game.mcui_mr_specialtyskillsentrybox.text.skill_header_and_info_text,Text0,textMissing,0,IDS_undefined_string_sebi,legacy.strings.ids_undefined_string_sebi,symbol_only_from_strings_res_h,strings.res.h
data/defs/ui/packages/legacy_imgui/shared/scrollbar.fit,GuiScrollbar,shared.scrollbar.scrollbar.this_is_the_scroll_up_button_for_the_salvageable_mech_entry_box_area,ScrollButton0,helpCaptionMissing,0,IDS_undefined_string_sebi,legacy.strings.ids_undefined_string_sebi,symbol_only_from_strings_res_h,strings.res.h
data/defs/ui/packages/legacy_imgui/shared/scrollbar.fit,GuiScrollbar,shared.scrollbar.scrollbar.this_is_the_scroll_up_button_for_the_salvageable_mech_entry_box_area,ScrollButton0,helpDescMissing,0,IDS_undefined_string_sebi,legacy.strings.ids_undefined_string_sebi,symbol_only_from_strings_res_h,strings.res.h
data/defs/ui/packages/legacy_imgui/shared/scrollbar.fit,GuiScrollbar,shared.scrollbar.scrollbar.this_is_the_scroll_down_button_for_the_salvageable_mech_entry_box_area,ScrollButton1,helpCaptionMissing,0,IDS_undefined_string_sebi,legacy.strings.ids_undefined_string_sebi,symbol_only_from_strings_res_h,strings.res.h
data/defs/ui/packages/legacy_imgui/shared/scrollbar.fit,GuiScrollbar,shared.scrollbar.scrollbar.this_is_the_scroll_down_button_for_the_salvageable_mech_entry_box_area,ScrollButton1,helpDescMissing,0,IDS_undefined_string_sebi,legacy.strings.ids_undefined_string_sebi,symbol_only_from_strings_res_h,strings.res.h
data/defs/ui/packages/legacy_imgui/shared/scrollbar.fit,GuiScrollbar,shared.scrollbar.scrollbar.this_is_the_scroll_slider_for_the_salvageable_mech_entry_box_area,ScrollButton2,helpCaptionMissing,0,IDS_undefined_string_sebi,legacy.strings.ids_undefined_string_sebi,symbol_only_from_strings_res_h,strings.res.h
data/defs/ui/packages/legacy_imgui/shared/scrollbar.fit,GuiScrollbar,shared.scrollbar.scrollbar.this_is_the_scroll_slider_for_the_salvageable_mech_entry_box_area,ScrollButton2,helpDescMissing,0,IDS_undefined_string_sebi,legacy.strings.ids_undefined_string_sebi,symbol_only_from_strings_res_h,strings.res.h
